{
	"credit": "Made with Blockbench",
	"texture_size": [32, 32],
	"textures": {
		"0": "custom/loot_pile",
		"particle": "custom/loot_pile"
	},
	"elements": [
		{
			"from": [-1, 0, 1],
			"to": [1, 1, 6],
			"rotation": {"angle": -22.5, "axis": "y", "origin": [3.5, 0.5, 3.5]},
			"faces": {
				"north": {"uv": [0.016, 0.016, 0.984, 0.984], "texture": "#0"},
				"east": {"uv": [0.016, 0.016, 1.984, 0.984], "texture": "#0"},
				"south": {"uv": [0.016, 0.016, 0.984, 0.984], "texture": "#0"},
				"west": {"uv": [0.016, 0.016, 1.984, 0.984], "texture": "#0"},
				"up": {"uv": [2.984, 1.984, 0.016, 0.016], "rotation": 90, "texture": "#0"},
				"down": {"uv": [0.016, 1.984, 3.984, 0.016], "rotation": 90, "texture": "#0"}
			}
		},
		{
			"from": [6, 0, 1],
			"to": [8, 1, 6],
			"rotation": {"angle": -22.5, "axis": "y", "origin": [3.5, 0.5, 3.5]},
			"faces": {
				"north": {"uv": [0.016, 0.016, 0.984, 0.984], "texture": "#0"},
				"east": {"uv": [0.016, 0.016, 1.984, 0.984], "texture": "#0"},
				"south": {"uv": [0.016, 0.016, 0.984, 0.984], "texture": "#0"},
				"west": {"uv": [0.016, 0.016, 1.984, 0.984], "texture": "#0"},
				"up": {"uv": [2.984, 1.984, 0.016, 0.016], "rotation": 270, "texture": "#0"},
				"down": {"uv": [0.016, 1.984, 3.984, 0.016], "rotation": 270, "texture": "#0"}
			}
		},
		{
			"from": [0, 0, 6],
			"to": [1, 1, 7],
			"rotation": {"angle": -22.5, "axis": "y", "origin": [3.5, 0.5, 3.5]},
			"faces": {
				"north": {"uv": [0, 0, 0, 0], "texture": "#0"},
				"east": {"uv": [0, 0, 0, 0], "texture": "#0"},
				"south": {"uv": [0.016, 0.016, 0.984, 0.984], "texture": "#0"},
				"west": {"uv": [0.016, 0.016, 0.984, 0.984], "texture": "#0"},
				"up": {"uv": [0.984, 0.984, 0.016, 0.016], "rotation": 270, "texture": "#0"},
				"down": {"uv": [0.984, 0.016, 0.016, 0.984], "texture": "#0"}
			}
		},
		{
			"from": [0, 0, 0],
			"to": [1, 1, 1],
			"rotation": {"angle": -22.5, "axis": "y", "origin": [3.5, 0.5, 3.5]},
			"faces": {
				"north": {"uv": [0.016, 0.016, 0.984, 0.984], "texture": "#0"},
				"east": {"uv": [0, 0, 0, 0], "texture": "#0"},
				"south": {"uv": [0, 0, 0, 0], "texture": "#0"},
				"west": {"uv": [0.016, 0.016, 1.984, 0.984], "texture": "#0"},
				"up": {"uv": [0.984, 0.984, 0.016, 0.016], "rotation": 270, "texture": "#0"},
				"down": {"uv": [0.984, 0.016, 0.016, 0.984], "texture": "#0"}
			}
		},
		{
			"from": [6, 0, 0],
			"to": [7, 1, 1],
			"rotation": {"angle": -22.5, "axis": "y", "origin": [3.5, 0.5, 3.5]},
			"faces": {
				"north": {"uv": [0.016, 0.016, 0.984, 0.984], "texture": "#0"},
				"east": {"uv": [0.016, 0.016, 1.984, 0.984], "texture": "#0"},
				"south": {"uv": [0, 0, 0, 0], "texture": "#0"},
				"west": {"uv": [0, 0, 0, 0], "texture": "#0"},
				"up": {"uv": [0.984, 0.984, 0.016, 0.016], "rotation": 270, "texture": "#0"},
				"down": {"uv": [0.984, 0.016, 0.016, 0.984], "texture": "#0"}
			}
		},
		{
			"from": [6, 0, 6],
			"to": [7, 1, 7],
			"rotation": {"angle": -22.5, "axis": "y", "origin": [3.5, 0.5, 3.5]},
			"faces": {
				"north": {"uv": [0, 0, 0, 0], "texture": "#0"},
				"east": {"uv": [0.016, 0.016, 0.984, 0.984], "texture": "#0"},
				"south": {"uv": [0.016, 0.016, 0.984, 0.984], "texture": "#0"},
				"west": {"uv": [0, 0, 0, 0], "texture": "#0"},
				"up": {"uv": [0.984, 0.984, 0.016, 0.016], "rotation": 270, "texture": "#0"},
				"down": {"uv": [0.984, 0.016, 0.016, 0.984], "texture": "#0"}
			}
		},
		{
			"from": [1, 0, 6],
			"to": [6, 1, 8],
			"rotation": {"angle": -22.5, "axis": "y", "origin": [3.5, 0.5, 3.5]},
			"faces": {
				"north": {"uv": [0.016, 0.016, 1.984, 0.984], "texture": "#0"},
				"east": {"uv": [0.016, 0.016, 0.984, 0.984], "texture": "#0"},
				"south": {"uv": [0.016, 0.016, 1.984, 0.984], "texture": "#0"},
				"west": {"uv": [0.016, 0.016, 0.984, 0.984], "texture": "#0"},
				"up": {"uv": [3.984, 1.984, 0.016, 0.016], "texture": "#0"},
				"down": {"uv": [0.016, 1.984, 3.984, 0.016], "rotation": 180, "texture": "#0"}
			}
		},
		{
			"from": [1, 0.5, 1],
			"to": [6, 0.5, 6],
			"rotation": {"angle": -22.5, "axis": "y", "origin": [3.5, 0.5, 3.5]},
			"faces": {
				"north": {"uv": [0, 0, 0, 0], "texture": "#0"},
				"east": {"uv": [0, 0, 0, 0], "texture": "#0"},
				"south": {"uv": [0, 0, 0, 0], "texture": "#0"},
				"west": {"uv": [0, 0, 0, 0], "texture": "#0"},
				"up": {"uv": [15.984, 4.984, 11.016, 0.016], "texture": "#0"},
				"down": {"uv": [15.984, 0.016, 11.016, 4.984], "texture": "#0"}
			}
		},
		{
			"from": [1, 0, -1],
			"to": [6, 1, 1],
			"rotation": {"angle": -22.5, "axis": "y", "origin": [3.5, 0.5, 3.5]},
			"faces": {
				"north": {"uv": [0.016, 0.016, 1.984, 0.984], "texture": "#0"},
				"east": {"uv": [0.016, 0.016, 0.984, 0.984], "texture": "#0"},
				"south": {"uv": [0.016, 0.016, 1.984, 0.984], "texture": "#0"},
				"west": {"uv": [0.016, 0.016, 0.984, 0.984], "texture": "#0"},
				"up": {"uv": [3.984, 1.984, 0.016, 0.016], "rotation": 180, "texture": "#0"},
				"down": {"uv": [0.016, 1.984, 3.984, 0.016], "texture": "#0"}
			}
		},
		{
			"from": [10, 0, 1],
			"to": [12, 1, 6],
			"rotation": {"angle": 0, "axis": "y", "origin": [3, 0.5, 2]},
			"faces": {
				"north": {"uv": [0.016, 0.016, 0.984, 0.984], "texture": "#0"},
				"east": {"uv": [0.016, 0.016, 1.984, 0.984], "texture": "#0"},
				"south": {"uv": [0.016, 0.016, 0.984, 0.984], "texture": "#0"},
				"west": {"uv": [0.016, 0.016, 1.984, 0.984], "texture": "#0"},
				"up": {"uv": [2.984, 1.984, 0.016, 0.016], "rotation": 90, "texture": "#0"},
				"down": {"uv": [0.016, 1.984, 3.984, 0.016], "rotation": 90, "texture": "#0"}
			}
		},
		{
			"from": [17, 0, 1],
			"to": [19, 1, 6],
			"rotation": {"angle": 0, "axis": "y", "origin": [3, 0.5, 2]},
			"faces": {
				"north": {"uv": [0.016, 0.016, 0.984, 0.984], "texture": "#0"},
				"east": {"uv": [0.016, 0.016, 1.984, 0.984], "texture": "#0"},
				"south": {"uv": [0.016, 0.016, 0.984, 0.984], "texture": "#0"},
				"west": {"uv": [0.016, 0.016, 1.984, 0.984], "texture": "#0"},
				"up": {"uv": [2.984, 1.984, 0.016, 0.016], "rotation": 270, "texture": "#0"},
				"down": {"uv": [0.016, 1.984, 3.984, 0.016], "rotation": 270, "texture": "#0"}
			}
		},
		{
			"from": [11, 0, 6],
			"to": [12, 1, 7],
			"rotation": {"angle": 0, "axis": "y", "origin": [3, 0.5, 2]},
			"faces": {
				"north": {"uv": [0, 0, 0, 0], "texture": "#0"},
				"east": {"uv": [0, 0, 0, 0], "texture": "#0"},
				"south": {"uv": [0.016, 0.016, 0.984, 0.984], "texture": "#0"},
				"west": {"uv": [0.016, 0.016, 0.984, 0.984], "texture": "#0"},
				"up": {"uv": [0.984, 0.984, 0.016, 0.016], "rotation": 270, "texture": "#0"},
				"down": {"uv": [0.984, 0.016, 0.016, 0.984], "texture": "#0"}
			}
		},
		{
			"from": [11, 0, 0],
			"to": [12, 1, 1],
			"rotation": {"angle": 0, "axis": "y", "origin": [3, 0.5, 2]},
			"faces": {
				"north": {"uv": [0.016, 0.016, 0.984, 0.984], "texture": "#0"},
				"east": {"uv": [0, 0, 0, 0], "texture": "#0"},
				"south": {"uv": [0, 0, 0, 0], "texture": "#0"},
				"west": {"uv": [0.016, 0.016, 1.984, 0.984], "texture": "#0"},
				"up": {"uv": [0.984, 0.984, 0.016, 0.016], "rotation": 270, "texture": "#0"},
				"down": {"uv": [0.984, 0.016, 0.016, 0.984], "texture": "#0"}
			}
		},
		{
			"from": [17, 0, 0],
			"to": [18, 1, 1],
			"rotation": {"angle": 0, "axis": "y", "origin": [3, 0.5, 2]},
			"faces": {
				"north": {"uv": [0.016, 0.016, 0.984, 0.984], "texture": "#0"},
				"east": {"uv": [0.016, 0.016, 1.984, 0.984], "texture": "#0"},
				"south": {"uv": [0, 0, 0, 0], "texture": "#0"},
				"west": {"uv": [0, 0, 0, 0], "texture": "#0"},
				"up": {"uv": [0.984, 0.984, 0.016, 0.016], "rotation": 270, "texture": "#0"},
				"down": {"uv": [0.984, 0.016, 0.016, 0.984], "texture": "#0"}
			}
		},
		{
			"from": [17, 0, 6],
			"to": [18, 1, 7],
			"rotation": {"angle": 0, "axis": "y", "origin": [3, 0.5, 2]},
			"faces": {
				"north": {"uv": [0, 0, 0, 0], "texture": "#0"},
				"east": {"uv": [0.016, 0.016, 0.984, 0.984], "texture": "#0"},
				"south": {"uv": [0.016, 0.016, 0.984, 0.984], "texture": "#0"},
				"west": {"uv": [0, 0, 0, 0], "texture": "#0"},
				"up": {"uv": [0.984, 0.984, 0.016, 0.016], "rotation": 270, "texture": "#0"},
				"down": {"uv": [0.984, 0.016, 0.016, 0.984], "texture": "#0"}
			}
		},
		{
			"from": [12, 0, 6],
			"to": [17, 1, 8],
			"rotation": {"angle": 0, "axis": "y", "origin": [3, 0.5, 2]},
			"faces": {
				"north": {"uv": [0.016, 0.016, 1.984, 0.984], "texture": "#0"},
				"east": {"uv": [0.016, 0.016, 0.984, 0.984], "texture": "#0"},
				"south": {"uv": [0.016, 0.016, 1.984, 0.984], "texture": "#0"},
				"west": {"uv": [0.016, 0.016, 0.984, 0.984], "texture": "#0"},
				"up": {"uv": [3.984, 1.984, 0.016, 0.016], "texture": "#0"},
				"down": {"uv": [0.016, 1.984, 3.984, 0.016], "rotation": 180, "texture": "#0"}
			}
		},
		{
			"from": [12, 0.5, 1],
			"to": [17, 0.5, 6],
			"rotation": {"angle": 0, "axis": "y", "origin": [2, 0.5, 2]},
			"faces": {
				"north": {"uv": [0, 0, 0, 0], "texture": "#0"},
				"east": {"uv": [0, 0, 0, 0], "texture": "#0"},
				"south": {"uv": [0, 0, 0, 0], "texture": "#0"},
				"west": {"uv": [0, 0, 0, 0], "texture": "#0"},
				"up": {"uv": [15.984, 4.984, 11.016, 0.016], "texture": "#0"},
				"down": {"uv": [15.984, 0.016, 11.016, 4.984], "texture": "#0"}
			}
		},
		{
			"from": [12, 0, -1],
			"to": [17, 1, 1],
			"rotation": {"angle": 0, "axis": "y", "origin": [3, 0.5, 2]},
			"faces": {
				"north": {"uv": [0.016, 0.016, 1.984, 0.984], "texture": "#0"},
				"east": {"uv": [0.016, 0.016, 0.984, 0.984], "texture": "#0"},
				"south": {"uv": [0.016, 0.016, 1.984, 0.984], "texture": "#0"},
				"west": {"uv": [0.016, 0.016, 0.984, 0.984], "texture": "#0"},
				"up": {"uv": [3.984, 1.984, 0.016, 0.016], "rotation": 180, "texture": "#0"},
				"down": {"uv": [0.016, 1.984, 3.984, 0.016], "texture": "#0"}
			}
		},
		{
			"from": [13, 1, 4],
			"to": [15, 2, 9],
			"rotation": {"angle": 0, "axis": "y", "origin": [3, 0.5, 2]},
			"faces": {
				"north": {"uv": [0.016, 0.016, 0.984, 0.984], "texture": "#0"},
				"east": {"uv": [0.016, 0.016, 1.984, 0.984], "texture": "#0"},
				"south": {"uv": [0.016, 0.016, 0.984, 0.984], "texture": "#0"},
				"west": {"uv": [0.016, 0.016, 1.984, 0.984], "texture": "#0"},
				"up": {"uv": [2.984, 1.984, 0.016, 0.016], "rotation": 90, "texture": "#0"},
				"down": {"uv": [0.016, 1.984, 3.984, 0.016], "rotation": 90, "texture": "#0"}
			}
		},
		{
			"from": [20, 1, 4],
			"to": [22, 2, 9],
			"rotation": {"angle": 0, "axis": "y", "origin": [3, 0.5, 2]},
			"faces": {
				"north": {"uv": [0.016, 0.016, 0.984, 0.984], "texture": "#0"},
				"east": {"uv": [0.016, 0.016, 1.984, 0.984], "texture": "#0"},
				"south": {"uv": [0.016, 0.016, 0.984, 0.984], "texture": "#0"},
				"west": {"uv": [0.016, 0.016, 1.984, 0.984], "texture": "#0"},
				"up": {"uv": [2.984, 1.984, 0.016, 0.016], "rotation": 270, "texture": "#0"},
				"down": {"uv": [0.016, 1.984, 3.984, 0.016], "rotation": 270, "texture": "#0"}
			}
		},
		{
			"from": [14, 1, 9],
			"to": [15, 2, 10],
			"rotation": {"angle": 0, "axis": "y", "origin": [3, 0.5, 2]},
			"faces": {
				"north": {"uv": [0, 0, 0, 0], "texture": "#0"},
				"east": {"uv": [0, 0, 0, 0], "texture": "#0"},
				"south": {"uv": [0.016, 0.016, 0.984, 0.984], "texture": "#0"},
				"west": {"uv": [0.016, 0.016, 0.984, 0.984], "texture": "#0"},
				"up": {"uv": [0.984, 0.984, 0.016, 0.016], "rotation": 270, "texture": "#0"},
				"down": {"uv": [0.984, 0.016, 0.016, 0.984], "texture": "#0"}
			}
		},
		{
			"from": [14, 1, 3],
			"to": [15, 2, 4],
			"rotation": {"angle": 0, "axis": "y", "origin": [3, 0.5, 2]},
			"faces": {
				"north": {"uv": [0.016, 0.016, 0.984, 0.984], "texture": "#0"},
				"east": {"uv": [0, 0, 0, 0], "texture": "#0"},
				"south": {"uv": [0, 0, 0, 0], "texture": "#0"},
				"west": {"uv": [0.016, 0.016, 1.984, 0.984], "texture": "#0"},
				"up": {"uv": [0.984, 0.984, 0.016, 0.016], "rotation": 270, "texture": "#0"},
				"down": {"uv": [0.984, 0.016, 0.016, 0.984], "texture": "#0"}
			}
		},
		{
			"from": [20, 1, 3],
			"to": [21, 2, 4],
			"rotation": {"angle": 0, "axis": "y", "origin": [3, 0.5, 2]},
			"faces": {
				"north": {"uv": [0.016, 0.016, 0.984, 0.984], "texture": "#0"},
				"east": {"uv": [0.016, 0.016, 1.984, 0.984], "texture": "#0"},
				"south": {"uv": [0, 0, 0, 0], "texture": "#0"},
				"west": {"uv": [0, 0, 0, 0], "texture": "#0"},
				"up": {"uv": [0.984, 0.984, 0.016, 0.016], "rotation": 270, "texture": "#0"},
				"down": {"uv": [0.984, 0.016, 0.016, 0.984], "texture": "#0"}
			}
		},
		{
			"from": [20, 1, 9],
			"to": [21, 2, 10],
			"rotation": {"angle": 0, "axis": "y", "origin": [3, 0.5, 2]},
			"faces": {
				"north": {"uv": [0, 0, 0, 0], "texture": "#0"},
				"east": {"uv": [0.016, 0.016, 0.984, 0.984], "texture": "#0"},
				"south": {"uv": [0.016, 0.016, 0.984, 0.984], "texture": "#0"},
				"west": {"uv": [0, 0, 0, 0], "texture": "#0"},
				"up": {"uv": [0.984, 0.984, 0.016, 0.016], "rotation": 270, "texture": "#0"},
				"down": {"uv": [0.984, 0.016, 0.016, 0.984], "texture": "#0"}
			}
		},
		{
			"from": [15, 1, 9],
			"to": [20, 2, 11],
			"rotation": {"angle": 0, "axis": "y", "origin": [3, 0.5, 2]},
			"faces": {
				"north": {"uv": [0.016, 0.016, 1.984, 0.984], "texture": "#0"},
				"east": {"uv": [0.016, 0.016, 0.984, 0.984], "texture": "#0"},
				"south": {"uv": [0.016, 0.016, 1.984, 0.984], "texture": "#0"},
				"west": {"uv": [0.016, 0.016, 0.984, 0.984], "texture": "#0"},
				"up": {"uv": [3.984, 1.984, 0.016, 0.016], "texture": "#0"},
				"down": {"uv": [0.016, 1.984, 3.984, 0.016], "rotation": 180, "texture": "#0"}
			}
		},
		{
			"from": [15, 1.5, 4],
			"to": [20, 1.5, 9],
			"rotation": {"angle": 0, "axis": "y", "origin": [2, 0.5, 2]},
			"faces": {
				"north": {"uv": [0, 0, 0, 0], "texture": "#0"},
				"east": {"uv": [0, 0, 0, 0], "texture": "#0"},
				"south": {"uv": [0, 0, 0, 0], "texture": "#0"},
				"west": {"uv": [0, 0, 0, 0], "texture": "#0"},
				"up": {"uv": [15.984, 4.984, 11.016, 0.016], "texture": "#0"},
				"down": {"uv": [15.984, 0.016, 11.016, 4.984], "texture": "#0"}
			}
		},
		{
			"from": [15, 1, 2],
			"to": [20, 2, 4],
			"rotation": {"angle": 0, "axis": "y", "origin": [3, 0.5, 2]},
			"faces": {
				"north": {"uv": [0.016, 0.016, 1.984, 0.984], "texture": "#0"},
				"east": {"uv": [0.016, 0.016, 0.984, 0.984], "texture": "#0"},
				"south": {"uv": [0.016, 0.016, 1.984, 0.984], "texture": "#0"},
				"west": {"uv": [0.016, 0.016, 0.984, 0.984], "texture": "#0"},
				"up": {"uv": [3.984, 1.984, 0.016, 0.016], "rotation": 180, "texture": "#0"},
				"down": {"uv": [0.016, 1.984, 3.984, 0.016], "texture": "#0"}
			}
		},
		{
			"from": [10, 0, 17],
			"to": [12, 1, 22],
			"rotation": {"angle": 0, "axis": "y", "origin": [3, 0.5, 2]},
			"faces": {
				"north": {"uv": [0.016, 0.016, 0.984, 0.984], "texture": "#0"},
				"east": {"uv": [0.016, 0.016, 1.984, 0.984], "texture": "#0"},
				"south": {"uv": [0.016, 0.016, 0.984, 0.984], "texture": "#0"},
				"west": {"uv": [0.016, 0.016, 1.984, 0.984], "texture": "#0"},
				"up": {"uv": [2.984, 1.984, 0.016, 0.016], "rotation": 90, "texture": "#0"},
				"down": {"uv": [0.016, 1.984, 3.984, 0.016], "rotation": 90, "texture": "#0"}
			}
		},
		{
			"from": [17, 0, 17],
			"to": [19, 1, 22],
			"rotation": {"angle": 0, "axis": "y", "origin": [3, 0.5, 2]},
			"faces": {
				"north": {"uv": [0.016, 0.016, 0.984, 0.984], "texture": "#0"},
				"east": {"uv": [0.016, 0.016, 1.984, 0.984], "texture": "#0"},
				"south": {"uv": [0.016, 0.016, 0.984, 0.984], "texture": "#0"},
				"west": {"uv": [0.016, 0.016, 1.984, 0.984], "texture": "#0"},
				"up": {"uv": [2.984, 1.984, 0.016, 0.016], "rotation": 270, "texture": "#0"},
				"down": {"uv": [0.016, 1.984, 3.984, 0.016], "rotation": 270, "texture": "#0"}
			}
		},
		{
			"from": [11, 0, 22],
			"to": [12, 1, 23],
			"rotation": {"angle": 0, "axis": "y", "origin": [3, 0.5, 2]},
			"faces": {
				"north": {"uv": [0, 0, 0, 0], "texture": "#0"},
				"east": {"uv": [0, 0, 0, 0], "texture": "#0"},
				"south": {"uv": [0.016, 0.016, 0.984, 0.984], "texture": "#0"},
				"west": {"uv": [0.016, 0.016, 0.984, 0.984], "texture": "#0"},
				"up": {"uv": [0.984, 0.984, 0.016, 0.016], "rotation": 270, "texture": "#0"},
				"down": {"uv": [0.984, 0.016, 0.016, 0.984], "texture": "#0"}
			}
		},
		{
			"from": [11, 0, 16],
			"to": [12, 1, 17],
			"rotation": {"angle": 0, "axis": "y", "origin": [3, 0.5, 2]},
			"faces": {
				"north": {"uv": [0.016, 0.016, 0.984, 0.984], "texture": "#0"},
				"east": {"uv": [0, 0, 0, 0], "texture": "#0"},
				"south": {"uv": [0, 0, 0, 0], "texture": "#0"},
				"west": {"uv": [0.016, 0.016, 1.984, 0.984], "texture": "#0"},
				"up": {"uv": [0.984, 0.984, 0.016, 0.016], "rotation": 270, "texture": "#0"},
				"down": {"uv": [0.984, 0.016, 0.016, 0.984], "texture": "#0"}
			}
		},
		{
			"from": [17, 0, 16],
			"to": [18, 1, 17],
			"rotation": {"angle": 0, "axis": "y", "origin": [3, 0.5, 2]},
			"faces": {
				"north": {"uv": [0.016, 0.016, 0.984, 0.984], "texture": "#0"},
				"east": {"uv": [0.016, 0.016, 1.984, 0.984], "texture": "#0"},
				"south": {"uv": [0, 0, 0, 0], "texture": "#0"},
				"west": {"uv": [0, 0, 0, 0], "texture": "#0"},
				"up": {"uv": [0.984, 0.984, 0.016, 0.016], "rotation": 270, "texture": "#0"},
				"down": {"uv": [0.984, 0.016, 0.016, 0.984], "texture": "#0"}
			}
		},
		{
			"from": [17, 0, 22],
			"to": [18, 1, 23],
			"rotation": {"angle": 0, "axis": "y", "origin": [3, 0.5, 2]},
			"faces": {
				"north": {"uv": [0, 0, 0, 0], "texture": "#0"},
				"east": {"uv": [0.016, 0.016, 0.984, 0.984], "texture": "#0"},
				"south": {"uv": [0.016, 0.016, 0.984, 0.984], "texture": "#0"},
				"west": {"uv": [0, 0, 0, 0], "texture": "#0"},
				"up": {"uv": [0.984, 0.984, 0.016, 0.016], "rotation": 270, "texture": "#0"},
				"down": {"uv": [0.984, 0.016, 0.016, 0.984], "texture": "#0"}
			}
		},
		{
			"from": [12, 0, 22],
			"to": [17, 1, 24],
			"rotation": {"angle": 0, "axis": "y", "origin": [3, 0.5, 2]},
			"faces": {
				"north": {"uv": [0.016, 0.016, 1.984, 0.984], "texture": "#0"},
				"east": {"uv": [0.016, 0.016, 0.984, 0.984], "texture": "#0"},
				"south": {"uv": [0.016, 0.016, 1.984, 0.984], "texture": "#0"},
				"west": {"uv": [0.016, 0.016, 0.984, 0.984], "texture": "#0"},
				"up": {"uv": [3.984, 1.984, 0.016, 0.016], "texture": "#0"},
				"down": {"uv": [0.016, 1.984, 3.984, 0.016], "rotation": 180, "texture": "#0"}
			}
		},
		{
			"from": [12, 0.5, 17],
			"to": [17, 0.5, 22],
			"rotation": {"angle": 0, "axis": "y", "origin": [2, 0.5, 2]},
			"faces": {
				"north": {"uv": [0, 0, 0, 0], "texture": "#0"},
				"east": {"uv": [0, 0, 0, 0], "texture": "#0"},
				"south": {"uv": [0, 0, 0, 0], "texture": "#0"},
				"west": {"uv": [0, 0, 0, 0], "texture": "#0"},
				"up": {"uv": [15.984, 4.984, 11.016, 0.016], "texture": "#0"},
				"down": {"uv": [15.984, 0.016, 11.016, 4.984], "texture": "#0"}
			}
		},
		{
			"from": [12, 0, 15],
			"to": [17, 1, 17],
			"rotation": {"angle": 0, "axis": "y", "origin": [3, 0.5, 2]},
			"faces": {
				"north": {"uv": [0.016, 0.016, 1.984, 0.984], "texture": "#0"},
				"east": {"uv": [0.016, 0.016, 0.984, 0.984], "texture": "#0"},
				"south": {"uv": [0.016, 0.016, 1.984, 0.984], "texture": "#0"},
				"west": {"uv": [0.016, 0.016, 0.984, 0.984], "texture": "#0"},
				"up": {"uv": [3.984, 1.984, 0.016, 0.016], "rotation": 180, "texture": "#0"},
				"down": {"uv": [0.016, 1.984, 3.984, 0.016], "texture": "#0"}
			}
		},
		{
			"from": [15, 7, 25],
			"to": [16, 9, 30],
			"rotation": {"angle": 22.5, "axis": "z", "origin": [14.5, 0.5, 27.5]},
			"faces": {
				"north": {"uv": [0.016, 0.016, 0.984, 0.984], "rotation": 270, "texture": "#0"},
				"east": {"uv": [2.984, 1.984, 0.016, 0.016], "rotation": 180, "texture": "#0"},
				"south": {"uv": [0.016, 0.016, 0.984, 0.984], "rotation": 90, "texture": "#0"},
				"west": {"uv": [0.016, 1.984, 3.984, 0.016], "rotation": 180, "texture": "#0"},
				"up": {"uv": [0.016, 0.016, 1.984, 0.984], "rotation": 90, "texture": "#0"},
				"down": {"uv": [0.016, 0.016, 1.984, 0.984], "rotation": 90, "texture": "#0"}
			}
		},
		{
			"from": [15, 0, 25],
			"to": [16, 2, 30],
			"rotation": {"angle": 22.5, "axis": "z", "origin": [14.5, 0.5, 27.5]},
			"faces": {
				"north": {"uv": [0.016, 0.016, 0.984, 0.984], "rotation": 270, "texture": "#0"},
				"east": {"uv": [2.984, 1.984, 0.016, 0.016], "texture": "#0"},
				"south": {"uv": [0.016, 0.016, 0.984, 0.984], "rotation": 90, "texture": "#0"},
				"west": {"uv": [0.016, 1.984, 3.984, 0.016], "texture": "#0"},
				"up": {"uv": [0.016, 0.016, 1.984, 0.984], "rotation": 90, "texture": "#0"},
				"down": {"uv": [0.016, 0.016, 1.984, 0.984], "rotation": 90, "texture": "#0"}
			}
		},
		{
			"from": [15, 7, 30],
			"to": [16, 8, 31],
			"rotation": {"angle": 22.5, "axis": "z", "origin": [14.5, 0.5, 27.5]},
			"faces": {
				"north": {"uv": [0, 0, 0, 0], "texture": "#0"},
				"east": {"uv": [0.984, 0.984, 0.016, 0.016], "texture": "#0"},
				"south": {"uv": [0.016, 0.016, 0.984, 0.984], "rotation": 90, "texture": "#0"},
				"west": {"uv": [0.984, 0.016, 0.016, 0.984], "rotation": 90, "texture": "#0"},
				"up": {"uv": [0.016, 0.016, 0.984, 0.984], "rotation": 90, "texture": "#0"},
				"down": {"uv": [0, 0, 0, 0], "texture": "#0"}
			}
		},
		{
			"from": [15, 7, 24],
			"to": [16, 8, 25],
			"rotation": {"angle": 22.5, "axis": "z", "origin": [14.5, 0.5, 27.5]},
			"faces": {
				"north": {"uv": [0.016, 0.016, 0.984, 0.984], "rotation": 270, "texture": "#0"},
				"east": {"uv": [0.984, 0.984, 0.016, 0.016], "texture": "#0"},
				"south": {"uv": [0, 0, 0, 0], "texture": "#0"},
				"west": {"uv": [0.984, 0.016, 0.016, 0.984], "rotation": 90, "texture": "#0"},
				"up": {"uv": [0.016, 0.016, 1.984, 0.984], "rotation": 90, "texture": "#0"},
				"down": {"uv": [0, 0, 0, 0], "texture": "#0"}
			}
		},
		{
			"from": [15, 1, 24],
			"to": [16, 2, 25],
			"rotation": {"angle": 22.5, "axis": "z", "origin": [14.5, 0.5, 27.5]},
			"faces": {
				"north": {"uv": [0.016, 0.016, 0.984, 0.984], "rotation": 270, "texture": "#0"},
				"east": {"uv": [0.984, 0.984, 0.016, 0.016], "texture": "#0"},
				"south": {"uv": [0, 0, 0, 0], "texture": "#0"},
				"west": {"uv": [0.984, 0.016, 0.016, 0.984], "rotation": 90, "texture": "#0"},
				"up": {"uv": [0, 0, 0, 0], "texture": "#0"},
				"down": {"uv": [0.016, 0.016, 1.984, 0.984], "rotation": 90, "texture": "#0"}
			}
		},
		{
			"from": [15, 1, 30],
			"to": [16, 2, 31],
			"rotation": {"angle": 22.5, "axis": "z", "origin": [14.5, 0.5, 27.5]},
			"faces": {
				"north": {"uv": [0, 0, 0, 0], "texture": "#0"},
				"east": {"uv": [0.984, 0.984, 0.016, 0.016], "texture": "#0"},
				"south": {"uv": [0.016, 0.016, 0.984, 0.984], "rotation": 90, "texture": "#0"},
				"west": {"uv": [0.984, 0.016, 0.016, 0.984], "rotation": 90, "texture": "#0"},
				"up": {"uv": [0, 0, 0, 0], "texture": "#0"},
				"down": {"uv": [0.016, 0.016, 0.984, 0.984], "rotation": 90, "texture": "#0"}
			}
		},
		{
			"from": [15, 2, 30],
			"to": [16, 7, 32],
			"rotation": {"angle": 22.5, "axis": "z", "origin": [14.5, 0.5, 27.5]},
			"faces": {
				"north": {"uv": [0.016, 0.016, 1.984, 0.984], "rotation": 270, "texture": "#0"},
				"east": {"uv": [3.984, 1.984, 0.016, 0.016], "rotation": 90, "texture": "#0"},
				"south": {"uv": [0.016, 0.016, 1.984, 0.984], "rotation": 90, "texture": "#0"},
				"west": {"uv": [0.016, 1.984, 3.984, 0.016], "rotation": 270, "texture": "#0"},
				"up": {"uv": [0.016, 0.016, 0.984, 0.984], "rotation": 90, "texture": "#0"},
				"down": {"uv": [0.016, 0.016, 0.984, 0.984], "rotation": 90, "texture": "#0"}
			}
		},
		{
			"from": [15.5, 2, 25],
			"to": [15.5, 7, 30],
			"rotation": {"angle": 22.5, "axis": "z", "origin": [14.5, 0.5, 27.5]},
			"faces": {
				"north": {"uv": [0, 0, 0, 0], "texture": "#0"},
				"east": {"uv": [15.984, 4.984, 11.016, 0.016], "rotation": 90, "texture": "#0"},
				"south": {"uv": [0, 0, 0, 0], "texture": "#0"},
				"west": {"uv": [15.984, 0.016, 11.016, 4.984], "rotation": 90, "texture": "#0"},
				"up": {"uv": [0, 0, 0, 0], "texture": "#0"},
				"down": {"uv": [0, 0, 0, 0], "texture": "#0"}
			}
		},
		{
			"from": [15, 2, 23],
			"to": [16, 7, 25],
			"rotation": {"angle": 22.5, "axis": "z", "origin": [14.5, 0.5, 27.5]},
			"faces": {
				"north": {"uv": [0.016, 0.016, 1.984, 0.984], "rotation": 270, "texture": "#0"},
				"east": {"uv": [3.984, 1.984, 0.016, 0.016], "rotation": 270, "texture": "#0"},
				"south": {"uv": [0.016, 0.016, 1.984, 0.984], "rotation": 90, "texture": "#0"},
				"west": {"uv": [0.016, 1.984, 3.984, 0.016], "rotation": 90, "texture": "#0"},
				"up": {"uv": [0.016, 0.016, 0.984, 0.984], "rotation": 90, "texture": "#0"},
				"down": {"uv": [0.016, 0.016, 0.984, 0.984], "rotation": 90, "texture": "#0"}
			}
		},
		{
			"from": [-8, 0, 17],
			"to": [-6, 1, 22],
			"rotation": {"angle": -22.5, "axis": "y", "origin": [-3.5, 0.5, 19.5]},
			"faces": {
				"north": {"uv": [0.016, 0.016, 0.984, 0.984], "texture": "#0"},
				"east": {"uv": [0.016, 0.016, 1.984, 0.984], "texture": "#0"},
				"south": {"uv": [0.016, 0.016, 0.984, 0.984], "texture": "#0"},
				"west": {"uv": [0.016, 0.016, 1.984, 0.984], "texture": "#0"},
				"up": {"uv": [2.984, 1.984, 0.016, 0.016], "rotation": 90, "texture": "#0"},
				"down": {"uv": [0.016, 1.984, 3.984, 0.016], "rotation": 90, "texture": "#0"}
			}
		},
		{
			"from": [-1, 0, 17],
			"to": [1, 1, 22],
			"rotation": {"angle": -22.5, "axis": "y", "origin": [-3.5, 0.5, 19.5]},
			"faces": {
				"north": {"uv": [0.016, 0.016, 0.984, 0.984], "texture": "#0"},
				"east": {"uv": [0.016, 0.016, 1.984, 0.984], "texture": "#0"},
				"south": {"uv": [0.016, 0.016, 0.984, 0.984], "texture": "#0"},
				"west": {"uv": [0.016, 0.016, 1.984, 0.984], "texture": "#0"},
				"up": {"uv": [2.984, 1.984, 0.016, 0.016], "rotation": 270, "texture": "#0"},
				"down": {"uv": [0.016, 1.984, 3.984, 0.016], "rotation": 270, "texture": "#0"}
			}
		},
		{
			"from": [-7, 0, 22],
			"to": [-6, 1, 23],
			"rotation": {"angle": -22.5, "axis": "y", "origin": [-3.5, 0.5, 19.5]},
			"faces": {
				"north": {"uv": [0, 0, 0, 0], "texture": "#0"},
				"east": {"uv": [0, 0, 0, 0], "texture": "#0"},
				"south": {"uv": [0.016, 0.016, 0.984, 0.984], "texture": "#0"},
				"west": {"uv": [0.016, 0.016, 0.984, 0.984], "texture": "#0"},
				"up": {"uv": [0.984, 0.984, 0.016, 0.016], "rotation": 270, "texture": "#0"},
				"down": {"uv": [0.984, 0.016, 0.016, 0.984], "texture": "#0"}
			}
		},
		{
			"from": [-7, 0, 16],
			"to": [-6, 1, 17],
			"rotation": {"angle": -22.5, "axis": "y", "origin": [-3.5, 0.5, 19.5]},
			"faces": {
				"north": {"uv": [0.016, 0.016, 0.984, 0.984], "texture": "#0"},
				"east": {"uv": [0, 0, 0, 0], "texture": "#0"},
				"south": {"uv": [0, 0, 0, 0], "texture": "#0"},
				"west": {"uv": [0.016, 0.016, 1.984, 0.984], "texture": "#0"},
				"up": {"uv": [0.984, 0.984, 0.016, 0.016], "rotation": 270, "texture": "#0"},
				"down": {"uv": [0.984, 0.016, 0.016, 0.984], "texture": "#0"}
			}
		},
		{
			"from": [-1, 0, 16],
			"to": [0, 1, 17],
			"rotation": {"angle": -22.5, "axis": "y", "origin": [-3.5, 0.5, 19.5]},
			"faces": {
				"north": {"uv": [0.016, 0.016, 0.984, 0.984], "texture": "#0"},
				"east": {"uv": [0.016, 0.016, 1.984, 0.984], "texture": "#0"},
				"south": {"uv": [0, 0, 0, 0], "texture": "#0"},
				"west": {"uv": [0, 0, 0, 0], "texture": "#0"},
				"up": {"uv": [0.984, 0.984, 0.016, 0.016], "rotation": 270, "texture": "#0"},
				"down": {"uv": [0.984, 0.016, 0.016, 0.984], "texture": "#0"}
			}
		},
		{
			"from": [-1, 0, 22],
			"to": [0, 1, 23],
			"rotation": {"angle": -22.5, "axis": "y", "origin": [-3.5, 0.5, 19.5]},
			"faces": {
				"north": {"uv": [0, 0, 0, 0], "texture": "#0"},
				"east": {"uv": [0.016, 0.016, 0.984, 0.984], "texture": "#0"},
				"south": {"uv": [0.016, 0.016, 0.984, 0.984], "texture": "#0"},
				"west": {"uv": [0, 0, 0, 0], "texture": "#0"},
				"up": {"uv": [0.984, 0.984, 0.016, 0.016], "rotation": 270, "texture": "#0"},
				"down": {"uv": [0.984, 0.016, 0.016, 0.984], "texture": "#0"}
			}
		},
		{
			"from": [-6, 0, 22],
			"to": [-1, 1, 24],
			"rotation": {"angle": -22.5, "axis": "y", "origin": [-3.5, 0.5, 19.5]},
			"faces": {
				"north": {"uv": [0.016, 0.016, 1.984, 0.984], "texture": "#0"},
				"east": {"uv": [0.016, 0.016, 0.984, 0.984], "texture": "#0"},
				"south": {"uv": [0.016, 0.016, 1.984, 0.984], "texture": "#0"},
				"west": {"uv": [0.016, 0.016, 0.984, 0.984], "texture": "#0"},
				"up": {"uv": [3.984, 1.984, 0.016, 0.016], "texture": "#0"},
				"down": {"uv": [0.016, 1.984, 3.984, 0.016], "rotation": 180, "texture": "#0"}
			}
		},
		{
			"from": [-6, 0.5, 17],
			"to": [-1, 0.5, 22],
			"rotation": {"angle": -22.5, "axis": "y", "origin": [-3.5, 0.5, 19.5]},
			"faces": {
				"north": {"uv": [0, 0, 0, 0], "texture": "#0"},
				"east": {"uv": [0, 0, 0, 0], "texture": "#0"},
				"south": {"uv": [0, 0, 0, 0], "texture": "#0"},
				"west": {"uv": [0, 0, 0, 0], "texture": "#0"},
				"up": {"uv": [15.984, 4.984, 11.016, 0.016], "texture": "#0"},
				"down": {"uv": [15.984, 0.016, 11.016, 4.984], "texture": "#0"}
			}
		},
		{
			"from": [-6, 0, 15],
			"to": [-1, 1, 17],
			"rotation": {"angle": -22.5, "axis": "y", "origin": [-3.5, 0.5, 19.5]},
			"faces": {
				"north": {"uv": [0.016, 0.016, 1.984, 0.984], "texture": "#0"},
				"east": {"uv": [0.016, 0.016, 0.984, 0.984], "texture": "#0"},
				"south": {"uv": [0.016, 0.016, 1.984, 0.984], "texture": "#0"},
				"west": {"uv": [0.016, 0.016, 0.984, 0.984], "texture": "#0"},
				"up": {"uv": [3.984, 1.984, 0.016, 0.016], "rotation": 180, "texture": "#0"},
				"down": {"uv": [0.016, 1.984, 3.984, 0.016], "texture": "#0"}
			}
		},
		{
			"from": [-11, 0, 6],
			"to": [-9, 1, 11],
			"rotation": {"angle": 0, "axis": "y", "origin": [3, 0.5, 2]},
			"faces": {
				"north": {"uv": [0.016, 0.016, 0.984, 0.984], "texture": "#0"},
				"east": {"uv": [0.016, 0.016, 1.984, 0.984], "texture": "#0"},
				"south": {"uv": [0.016, 0.016, 0.984, 0.984], "texture": "#0"},
				"west": {"uv": [0.016, 0.016, 1.984, 0.984], "texture": "#0"},
				"up": {"uv": [2.984, 1.984, 0.016, 0.016], "rotation": 90, "texture": "#0"},
				"down": {"uv": [0.016, 1.984, 3.984, 0.016], "rotation": 90, "texture": "#0"}
			}
		},
		{
			"from": [-4, 0, 6],
			"to": [-2, 1, 11],
			"rotation": {"angle": 0, "axis": "y", "origin": [3, 0.5, 2]},
			"faces": {
				"north": {"uv": [0.016, 0.016, 0.984, 0.984], "texture": "#0"},
				"east": {"uv": [0.016, 0.016, 1.984, 0.984], "texture": "#0"},
				"south": {"uv": [0.016, 0.016, 0.984, 0.984], "texture": "#0"},
				"west": {"uv": [0.016, 0.016, 1.984, 0.984], "texture": "#0"},
				"up": {"uv": [2.984, 1.984, 0.016, 0.016], "rotation": 270, "texture": "#0"},
				"down": {"uv": [0.016, 1.984, 3.984, 0.016], "rotation": 270, "texture": "#0"}
			}
		},
		{
			"from": [-10, 0, 11],
			"to": [-9, 1, 12],
			"rotation": {"angle": 0, "axis": "y", "origin": [3, 0.5, 2]},
			"faces": {
				"north": {"uv": [0, 0, 0, 0], "texture": "#0"},
				"east": {"uv": [0, 0, 0, 0], "texture": "#0"},
				"south": {"uv": [0.016, 0.016, 0.984, 0.984], "texture": "#0"},
				"west": {"uv": [0.016, 0.016, 0.984, 0.984], "texture": "#0"},
				"up": {"uv": [0.984, 0.984, 0.016, 0.016], "rotation": 270, "texture": "#0"},
				"down": {"uv": [0.984, 0.016, 0.016, 0.984], "texture": "#0"}
			}
		},
		{
			"from": [-10, 0, 5],
			"to": [-9, 1, 6],
			"rotation": {"angle": 0, "axis": "y", "origin": [3, 0.5, 2]},
			"faces": {
				"north": {"uv": [0.016, 0.016, 0.984, 0.984], "texture": "#0"},
				"east": {"uv": [0, 0, 0, 0], "texture": "#0"},
				"south": {"uv": [0, 0, 0, 0], "texture": "#0"},
				"west": {"uv": [0.016, 0.016, 1.984, 0.984], "texture": "#0"},
				"up": {"uv": [0.984, 0.984, 0.016, 0.016], "rotation": 270, "texture": "#0"},
				"down": {"uv": [0.984, 0.016, 0.016, 0.984], "texture": "#0"}
			}
		},
		{
			"from": [-4, 0, 5],
			"to": [-3, 1, 6],
			"rotation": {"angle": 0, "axis": "y", "origin": [3, 0.5, 2]},
			"faces": {
				"north": {"uv": [0.016, 0.016, 0.984, 0.984], "texture": "#0"},
				"east": {"uv": [0.016, 0.016, 1.984, 0.984], "texture": "#0"},
				"south": {"uv": [0, 0, 0, 0], "texture": "#0"},
				"west": {"uv": [0, 0, 0, 0], "texture": "#0"},
				"up": {"uv": [0.984, 0.984, 0.016, 0.016], "rotation": 270, "texture": "#0"},
				"down": {"uv": [0.984, 0.016, 0.016, 0.984], "texture": "#0"}
			}
		},
		{
			"from": [-4, 0, 11],
			"to": [-3, 1, 12],
			"rotation": {"angle": 0, "axis": "y", "origin": [3, 0.5, 2]},
			"faces": {
				"north": {"uv": [0, 0, 0, 0], "texture": "#0"},
				"east": {"uv": [0.016, 0.016, 0.984, 0.984], "texture": "#0"},
				"south": {"uv": [0.016, 0.016, 0.984, 0.984], "texture": "#0"},
				"west": {"uv": [0, 0, 0, 0], "texture": "#0"},
				"up": {"uv": [0.984, 0.984, 0.016, 0.016], "rotation": 270, "texture": "#0"},
				"down": {"uv": [0.984, 0.016, 0.016, 0.984], "texture": "#0"}
			}
		},
		{
			"from": [-9, 0, 11],
			"to": [-4, 1, 13],
			"rotation": {"angle": 0, "axis": "y", "origin": [3, 0.5, 2]},
			"faces": {
				"north": {"uv": [0.016, 0.016, 1.984, 0.984], "texture": "#0"},
				"east": {"uv": [0.016, 0.016, 0.984, 0.984], "texture": "#0"},
				"south": {"uv": [0.016, 0.016, 1.984, 0.984], "texture": "#0"},
				"west": {"uv": [0.016, 0.016, 0.984, 0.984], "texture": "#0"},
				"up": {"uv": [3.984, 1.984, 0.016, 0.016], "texture": "#0"},
				"down": {"uv": [0.016, 1.984, 3.984, 0.016], "rotation": 180, "texture": "#0"}
			}
		},
		{
			"from": [-9, 0.5, 6],
			"to": [-4, 0.5, 11],
			"rotation": {"angle": 0, "axis": "y", "origin": [2, 0.5, 2]},
			"faces": {
				"north": {"uv": [0, 0, 0, 0], "texture": "#0"},
				"east": {"uv": [0, 0, 0, 0], "texture": "#0"},
				"south": {"uv": [0, 0, 0, 0], "texture": "#0"},
				"west": {"uv": [0, 0, 0, 0], "texture": "#0"},
				"up": {"uv": [15.984, 4.984, 11.016, 0.016], "texture": "#0"},
				"down": {"uv": [15.984, 0.016, 11.016, 4.984], "texture": "#0"}
			}
		},
		{
			"from": [-9, 0, 4],
			"to": [-4, 1, 6],
			"rotation": {"angle": 0, "axis": "y", "origin": [3, 0.5, 2]},
			"faces": {
				"north": {"uv": [0.016, 0.016, 1.984, 0.984], "texture": "#0"},
				"east": {"uv": [0.016, 0.016, 0.984, 0.984], "texture": "#0"},
				"south": {"uv": [0.016, 0.016, 1.984, 0.984], "texture": "#0"},
				"west": {"uv": [0.016, 0.016, 0.984, 0.984], "texture": "#0"},
				"up": {"uv": [3.984, 1.984, 0.016, 0.016], "rotation": 180, "texture": "#0"},
				"down": {"uv": [0.016, 1.984, 3.984, 0.016], "texture": "#0"}
			}
		},
		{
			"from": [1, 0, 12],
			"to": [3, 1, 17],
			"rotation": {"angle": -45, "axis": "y", "origin": [5.5, 0.5, 14.5]},
			"faces": {
				"north": {"uv": [0.016, 0.016, 0.984, 0.984], "texture": "#0"},
				"east": {"uv": [0.016, 0.016, 1.984, 0.984], "texture": "#0"},
				"south": {"uv": [0.016, 0.016, 0.984, 0.984], "texture": "#0"},
				"west": {"uv": [0.016, 0.016, 1.984, 0.984], "texture": "#0"},
				"up": {"uv": [2.984, 1.984, 0.016, 0.016], "rotation": 90, "texture": "#0"},
				"down": {"uv": [0.016, 1.984, 3.984, 0.016], "rotation": 90, "texture": "#0"}
			}
		},
		{
			"from": [8, 0, 12],
			"to": [10, 1, 17],
			"rotation": {"angle": -45, "axis": "y", "origin": [5.5, 0.5, 14.5]},
			"faces": {
				"north": {"uv": [0.016, 0.016, 0.984, 0.984], "texture": "#0"},
				"east": {"uv": [0.016, 0.016, 1.984, 0.984], "texture": "#0"},
				"south": {"uv": [0.016, 0.016, 0.984, 0.984], "texture": "#0"},
				"west": {"uv": [0.016, 0.016, 1.984, 0.984], "texture": "#0"},
				"up": {"uv": [2.984, 1.984, 0.016, 0.016], "rotation": 270, "texture": "#0"},
				"down": {"uv": [0.016, 1.984, 3.984, 0.016], "rotation": 270, "texture": "#0"}
			}
		},
		{
			"from": [2, 0, 17],
			"to": [3, 1, 18],
			"rotation": {"angle": -45, "axis": "y", "origin": [5.5, 0.5, 14.5]},
			"faces": {
				"north": {"uv": [0, 0, 0, 0], "texture": "#0"},
				"east": {"uv": [0, 0, 0, 0], "texture": "#0"},
				"south": {"uv": [0.016, 0.016, 0.984, 0.984], "texture": "#0"},
				"west": {"uv": [0.016, 0.016, 0.984, 0.984], "texture": "#0"},
				"up": {"uv": [0.984, 0.984, 0.016, 0.016], "rotation": 270, "texture": "#0"},
				"down": {"uv": [0.984, 0.016, 0.016, 0.984], "texture": "#0"}
			}
		},
		{
			"from": [2, 0, 11],
			"to": [3, 1, 12],
			"rotation": {"angle": -45, "axis": "y", "origin": [5.5, 0.5, 14.5]},
			"faces": {
				"north": {"uv": [0.016, 0.016, 0.984, 0.984], "texture": "#0"},
				"east": {"uv": [0, 0, 0, 0], "texture": "#0"},
				"south": {"uv": [0, 0, 0, 0], "texture": "#0"},
				"west": {"uv": [0.016, 0.016, 1.984, 0.984], "texture": "#0"},
				"up": {"uv": [0.984, 0.984, 0.016, 0.016], "rotation": 270, "texture": "#0"},
				"down": {"uv": [0.984, 0.016, 0.016, 0.984], "texture": "#0"}
			}
		},
		{
			"from": [8, 0, 11],
			"to": [9, 1, 12],
			"rotation": {"angle": -45, "axis": "y", "origin": [5.5, 0.5, 14.5]},
			"faces": {
				"north": {"uv": [0.016, 0.016, 0.984, 0.984], "texture": "#0"},
				"east": {"uv": [0.016, 0.016, 1.984, 0.984], "texture": "#0"},
				"south": {"uv": [0, 0, 0, 0], "texture": "#0"},
				"west": {"uv": [0, 0, 0, 0], "texture": "#0"},
				"up": {"uv": [0.984, 0.984, 0.016, 0.016], "rotation": 270, "texture": "#0"},
				"down": {"uv": [0.984, 0.016, 0.016, 0.984], "texture": "#0"}
			}
		},
		{
			"from": [8, 0, 17],
			"to": [9, 1, 18],
			"rotation": {"angle": -45, "axis": "y", "origin": [5.5, 0.5, 14.5]},
			"faces": {
				"north": {"uv": [0, 0, 0, 0], "texture": "#0"},
				"east": {"uv": [0.016, 0.016, 0.984, 0.984], "texture": "#0"},
				"south": {"uv": [0.016, 0.016, 0.984, 0.984], "texture": "#0"},
				"west": {"uv": [0, 0, 0, 0], "texture": "#0"},
				"up": {"uv": [0.984, 0.984, 0.016, 0.016], "rotation": 270, "texture": "#0"},
				"down": {"uv": [0.984, 0.016, 0.016, 0.984], "texture": "#0"}
			}
		},
		{
			"from": [3, 0, 17],
			"to": [8, 1, 19],
			"rotation": {"angle": -45, "axis": "y", "origin": [5.5, 0.5, 14.5]},
			"faces": {
				"north": {"uv": [0.016, 0.016, 1.984, 0.984], "texture": "#0"},
				"east": {"uv": [0.016, 0.016, 0.984, 0.984], "texture": "#0"},
				"south": {"uv": [0.016, 0.016, 1.984, 0.984], "texture": "#0"},
				"west": {"uv": [0.016, 0.016, 0.984, 0.984], "texture": "#0"},
				"up": {"uv": [3.984, 1.984, 0.016, 0.016], "texture": "#0"},
				"down": {"uv": [0.016, 1.984, 3.984, 0.016], "rotation": 180, "texture": "#0"}
			}
		},
		{
			"from": [3, 0.5, 12],
			"to": [8, 0.5, 17],
			"rotation": {"angle": -45, "axis": "y", "origin": [5.5, 0.5, 14.5]},
			"faces": {
				"north": {"uv": [0, 0, 0, 0], "texture": "#0"},
				"east": {"uv": [0, 0, 0, 0], "texture": "#0"},
				"south": {"uv": [0, 0, 0, 0], "texture": "#0"},
				"west": {"uv": [0, 0, 0, 0], "texture": "#0"},
				"up": {"uv": [15.984, 4.984, 11.016, 0.016], "texture": "#0"},
				"down": {"uv": [15.984, 0.016, 11.016, 4.984], "texture": "#0"}
			}
		},
		{
			"from": [3, 0, 10],
			"to": [8, 1, 12],
			"rotation": {"angle": -45, "axis": "y", "origin": [5.5, 0.5, 14.5]},
			"faces": {
				"north": {"uv": [0.016, 0.016, 1.984, 0.984], "texture": "#0"},
				"east": {"uv": [0.016, 0.016, 0.984, 0.984], "texture": "#0"},
				"south": {"uv": [0.016, 0.016, 1.984, 0.984], "texture": "#0"},
				"west": {"uv": [0.016, 0.016, 0.984, 0.984], "texture": "#0"},
				"up": {"uv": [3.984, 1.984, 0.016, 0.016], "rotation": 180, "texture": "#0"},
				"down": {"uv": [0.016, 1.984, 3.984, 0.016], "texture": "#0"}
			}
		},
		{
			"from": [9, 19, 19],
			"to": [11, 20, 24],
			"rotation": {"angle": -45, "axis": "y", "origin": [5.5, 0.5, 14.5]},
			"faces": {
				"north": {"uv": [0.016, 0.016, 0.984, 0.984], "texture": "#0"},
				"east": {"uv": [0.016, 0.016, 1.984, 0.984], "texture": "#0"},
				"south": {"uv": [0.016, 0.016, 0.984, 0.984], "texture": "#0"},
				"west": {"uv": [0.016, 0.016, 1.984, 0.984], "texture": "#0"},
				"up": {"uv": [2.984, 1.984, 0.016, 0.016], "rotation": 90, "texture": "#0"},
				"down": {"uv": [0.016, 1.984, 3.984, 0.016], "rotation": 90, "texture": "#0"}
			}
		},
		{
			"from": [16, 19, 19],
			"to": [18, 20, 24],
			"rotation": {"angle": -45, "axis": "y", "origin": [5.5, 0.5, 14.5]},
			"faces": {
				"north": {"uv": [0.016, 0.016, 0.984, 0.984], "texture": "#0"},
				"east": {"uv": [0.016, 0.016, 1.984, 0.984], "texture": "#0"},
				"south": {"uv": [0.016, 0.016, 0.984, 0.984], "texture": "#0"},
				"west": {"uv": [0.016, 0.016, 1.984, 0.984], "texture": "#0"},
				"up": {"uv": [2.984, 1.984, 0.016, 0.016], "rotation": 270, "texture": "#0"},
				"down": {"uv": [0.016, 1.984, 3.984, 0.016], "rotation": 270, "texture": "#0"}
			}
		},
		{
			"from": [10, 19, 24],
			"to": [11, 20, 25],
			"rotation": {"angle": -45, "axis": "y", "origin": [5.5, 0.5, 14.5]},
			"faces": {
				"north": {"uv": [0, 0, 0, 0], "texture": "#0"},
				"east": {"uv": [0, 0, 0, 0], "texture": "#0"},
				"south": {"uv": [0.016, 0.016, 0.984, 0.984], "texture": "#0"},
				"west": {"uv": [0.016, 0.016, 0.984, 0.984], "texture": "#0"},
				"up": {"uv": [0.984, 0.984, 0.016, 0.016], "rotation": 270, "texture": "#0"},
				"down": {"uv": [0.984, 0.016, 0.016, 0.984], "texture": "#0"}
			}
		},
		{
			"from": [10, 19, 18],
			"to": [11, 20, 19],
			"rotation": {"angle": -45, "axis": "y", "origin": [5.5, 0.5, 14.5]},
			"faces": {
				"north": {"uv": [0.016, 0.016, 0.984, 0.984], "texture": "#0"},
				"east": {"uv": [0, 0, 0, 0], "texture": "#0"},
				"south": {"uv": [0, 0, 0, 0], "texture": "#0"},
				"west": {"uv": [0.016, 0.016, 1.984, 0.984], "texture": "#0"},
				"up": {"uv": [0.984, 0.984, 0.016, 0.016], "rotation": 270, "texture": "#0"},
				"down": {"uv": [0.984, 0.016, 0.016, 0.984], "texture": "#0"}
			}
		},
		{
			"from": [16, 19, 18],
			"to": [17, 20, 19],
			"rotation": {"angle": -45, "axis": "y", "origin": [5.5, 0.5, 14.5]},
			"faces": {
				"north": {"uv": [0.016, 0.016, 0.984, 0.984], "texture": "#0"},
				"east": {"uv": [0.016, 0.016, 1.984, 0.984], "texture": "#0"},
				"south": {"uv": [0, 0, 0, 0], "texture": "#0"},
				"west": {"uv": [0, 0, 0, 0], "texture": "#0"},
				"up": {"uv": [0.984, 0.984, 0.016, 0.016], "rotation": 270, "texture": "#0"},
				"down": {"uv": [0.984, 0.016, 0.016, 0.984], "texture": "#0"}
			}
		},
		{
			"from": [16, 19, 24],
			"to": [17, 20, 25],
			"rotation": {"angle": -45, "axis": "y", "origin": [5.5, 0.5, 14.5]},
			"faces": {
				"north": {"uv": [0, 0, 0, 0], "texture": "#0"},
				"east": {"uv": [0.016, 0.016, 0.984, 0.984], "texture": "#0"},
				"south": {"uv": [0.016, 0.016, 0.984, 0.984], "texture": "#0"},
				"west": {"uv": [0, 0, 0, 0], "texture": "#0"},
				"up": {"uv": [0.984, 0.984, 0.016, 0.016], "rotation": 270, "texture": "#0"},
				"down": {"uv": [0.984, 0.016, 0.016, 0.984], "texture": "#0"}
			}
		},
		{
			"from": [11, 19, 24],
			"to": [16, 20, 26],
			"rotation": {"angle": -45, "axis": "y", "origin": [5.5, 0.5, 14.5]},
			"faces": {
				"north": {"uv": [0.016, 0.016, 1.984, 0.984], "texture": "#0"},
				"east": {"uv": [0.016, 0.016, 0.984, 0.984], "texture": "#0"},
				"south": {"uv": [0.016, 0.016, 1.984, 0.984], "texture": "#0"},
				"west": {"uv": [0.016, 0.016, 0.984, 0.984], "texture": "#0"},
				"up": {"uv": [3.984, 1.984, 0.016, 0.016], "texture": "#0"},
				"down": {"uv": [0.016, 1.984, 3.984, 0.016], "rotation": 180, "texture": "#0"}
			}
		},
		{
			"from": [11, 19.5, 19],
			"to": [16, 19.5, 24],
			"rotation": {"angle": -45, "axis": "y", "origin": [5.5, 0.5, 14.5]},
			"faces": {
				"north": {"uv": [0, 0, 0, 0], "texture": "#0"},
				"east": {"uv": [0, 0, 0, 0], "texture": "#0"},
				"south": {"uv": [0, 0, 0, 0], "texture": "#0"},
				"west": {"uv": [0, 0, 0, 0], "texture": "#0"},
				"up": {"uv": [15.984, 4.984, 11.016, 0.016], "texture": "#0"},
				"down": {"uv": [15.984, 0.016, 11.016, 4.984], "texture": "#0"}
			}
		},
		{
			"from": [11, 19, 17],
			"to": [16, 20, 19],
			"rotation": {"angle": -45, "axis": "y", "origin": [5.5, 0.5, 14.5]},
			"faces": {
				"north": {"uv": [0.016, 0.016, 1.984, 0.984], "texture": "#0"},
				"east": {"uv": [0.016, 0.016, 0.984, 0.984], "texture": "#0"},
				"south": {"uv": [0.016, 0.016, 1.984, 0.984], "texture": "#0"},
				"west": {"uv": [0.016, 0.016, 0.984, 0.984], "texture": "#0"},
				"up": {"uv": [3.984, 1.984, 0.016, 0.016], "rotation": 180, "texture": "#0"},
				"down": {"uv": [0.016, 1.984, 3.984, 0.016], "texture": "#0"}
			}
		},
		{
			"from": [9, 0, 19],
			"to": [11, 1, 24],
			"rotation": {"angle": -45, "axis": "y", "origin": [5.5, 0.5, 14.5]},
			"faces": {
				"north": {"uv": [0.016, 0.016, 0.984, 0.984], "texture": "#0"},
				"east": {"uv": [0.016, 0.016, 1.984, 0.984], "texture": "#0"},
				"south": {"uv": [0.016, 0.016, 0.984, 0.984], "texture": "#0"},
				"west": {"uv": [0.016, 0.016, 1.984, 0.984], "texture": "#0"},
				"up": {"uv": [2.984, 1.984, 0.016, 0.016], "rotation": 90, "texture": "#0"},
				"down": {"uv": [0.016, 1.984, 3.984, 0.016], "rotation": 90, "texture": "#0"}
			}
		},
		{
			"from": [16, 0, 19],
			"to": [18, 1, 24],
			"rotation": {"angle": -45, "axis": "y", "origin": [5.5, 0.5, 14.5]},
			"faces": {
				"north": {"uv": [0.016, 0.016, 0.984, 0.984], "texture": "#0"},
				"east": {"uv": [0.016, 0.016, 1.984, 0.984], "texture": "#0"},
				"south": {"uv": [0.016, 0.016, 0.984, 0.984], "texture": "#0"},
				"west": {"uv": [0.016, 0.016, 1.984, 0.984], "texture": "#0"},
				"up": {"uv": [2.984, 1.984, 0.016, 0.016], "rotation": 270, "texture": "#0"},
				"down": {"uv": [0.016, 1.984, 3.984, 0.016], "rotation": 270, "texture": "#0"}
			}
		},
		{
			"from": [10, 0, 24],
			"to": [11, 1, 25],
			"rotation": {"angle": -45, "axis": "y", "origin": [5.5, 0.5, 14.5]},
			"faces": {
				"north": {"uv": [0, 0, 0, 0], "texture": "#0"},
				"east": {"uv": [0, 0, 0, 0], "texture": "#0"},
				"south": {"uv": [0.016, 0.016, 0.984, 0.984], "texture": "#0"},
				"west": {"uv": [0.016, 0.016, 0.984, 0.984], "texture": "#0"},
				"up": {"uv": [0.984, 0.984, 0.016, 0.016], "rotation": 270, "texture": "#0"},
				"down": {"uv": [0.984, 0.016, 0.016, 0.984], "texture": "#0"}
			}
		},
		{
			"from": [10, 0, 18],
			"to": [11, 1, 19],
			"rotation": {"angle": -45, "axis": "y", "origin": [5.5, 0.5, 14.5]},
			"faces": {
				"north": {"uv": [0.016, 0.016, 0.984, 0.984], "texture": "#0"},
				"east": {"uv": [0, 0, 0, 0], "texture": "#0"},
				"south": {"uv": [0, 0, 0, 0], "texture": "#0"},
				"west": {"uv": [0.016, 0.016, 1.984, 0.984], "texture": "#0"},
				"up": {"uv": [0.984, 0.984, 0.016, 0.016], "rotation": 270, "texture": "#0"},
				"down": {"uv": [0.984, 0.016, 0.016, 0.984], "texture": "#0"}
			}
		},
		{
			"from": [16, 0, 18],
			"to": [17, 1, 19],
			"rotation": {"angle": -45, "axis": "y", "origin": [5.5, 0.5, 14.5]},
			"faces": {
				"north": {"uv": [0.016, 0.016, 0.984, 0.984], "texture": "#0"},
				"east": {"uv": [0.016, 0.016, 1.984, 0.984], "texture": "#0"},
				"south": {"uv": [0, 0, 0, 0], "texture": "#0"},
				"west": {"uv": [0, 0, 0, 0], "texture": "#0"},
				"up": {"uv": [0.984, 0.984, 0.016, 0.016], "rotation": 270, "texture": "#0"},
				"down": {"uv": [0.984, 0.016, 0.016, 0.984], "texture": "#0"}
			}
		},
		{
			"from": [16, 0, 24],
			"to": [17, 1, 25],
			"rotation": {"angle": -45, "axis": "y", "origin": [5.5, 0.5, 14.5]},
			"faces": {
				"north": {"uv": [0, 0, 0, 0], "texture": "#0"},
				"east": {"uv": [0.016, 0.016, 0.984, 0.984], "texture": "#0"},
				"south": {"uv": [0.016, 0.016, 0.984, 0.984], "texture": "#0"},
				"west": {"uv": [0, 0, 0, 0], "texture": "#0"},
				"up": {"uv": [0.984, 0.984, 0.016, 0.016], "rotation": 270, "texture": "#0"},
				"down": {"uv": [0.984, 0.016, 0.016, 0.984], "texture": "#0"}
			}
		},
		{
			"from": [11, 0, 24],
			"to": [16, 1, 26],
			"rotation": {"angle": -45, "axis": "y", "origin": [5.5, 0.5, 14.5]},
			"faces": {
				"north": {"uv": [0.016, 0.016, 1.984, 0.984], "texture": "#0"},
				"east": {"uv": [0.016, 0.016, 0.984, 0.984], "texture": "#0"},
				"south": {"uv": [0.016, 0.016, 1.984, 0.984], "texture": "#0"},
				"west": {"uv": [0.016, 0.016, 0.984, 0.984], "texture": "#0"},
				"up": {"uv": [3.984, 1.984, 0.016, 0.016], "texture": "#0"},
				"down": {"uv": [0.016, 1.984, 3.984, 0.016], "rotation": 180, "texture": "#0"}
			}
		},
		{
			"from": [11, 0, 17],
			"to": [16, 1, 19],
			"rotation": {"angle": -45, "axis": "y", "origin": [5.5, 0.5, 14.5]},
			"faces": {
				"north": {"uv": [0.016, 0.016, 1.984, 0.984], "texture": "#0"},
				"east": {"uv": [0.016, 0.016, 0.984, 0.984], "texture": "#0"},
				"south": {"uv": [0.016, 0.016, 1.984, 0.984], "texture": "#0"},
				"west": {"uv": [0.016, 0.016, 0.984, 0.984], "texture": "#0"},
				"up": {"uv": [3.984, 1.984, 0.016, 0.016], "rotation": 180, "texture": "#0"},
				"down": {"uv": [0.016, 1.984, 3.984, 0.016], "texture": "#0"}
			}
		},
		{
			"from": [3.70711, 1, 20.6066],
			"to": [8.70711, 2, 22.6066],
			"rotation": {"angle": 22.5, "axis": "y", "origin": [6.20711, 1.5, 25.1066]},
			"faces": {
				"north": {"uv": [0.016, 0.016, 1.984, 0.984], "texture": "#0"},
				"east": {"uv": [0.016, 0.016, 0.984, 0.984], "texture": "#0"},
				"south": {"uv": [0.016, 0.016, 1.984, 0.984], "texture": "#0"},
				"west": {"uv": [0.016, 0.016, 0.984, 0.984], "texture": "#0"},
				"up": {"uv": [2.984, 1.984, 0.016, 0.016], "rotation": 180, "texture": "#0"},
				"down": {"uv": [0.016, 1.984, 3.984, 0.016], "texture": "#0"}
			}
		},
		{
			"from": [3.70711, 1, 27.6066],
			"to": [8.70711, 2, 29.6066],
			"rotation": {"angle": 22.5, "axis": "y", "origin": [6.20711, 1.5, 25.1066]},
			"faces": {
				"north": {"uv": [0.016, 0.016, 1.984, 0.984], "texture": "#0"},
				"east": {"uv": [0.016, 0.016, 0.984, 0.984], "texture": "#0"},
				"south": {"uv": [0.016, 0.016, 1.984, 0.984], "texture": "#0"},
				"west": {"uv": [0.016, 0.016, 0.984, 0.984], "texture": "#0"},
				"up": {"uv": [2.984, 1.984, 0.016, 0.016], "texture": "#0"},
				"down": {"uv": [0.016, 1.984, 3.984, 0.016], "rotation": 180, "texture": "#0"}
			}
		},
		{
			"from": [2.70711, 1, 21.6066],
			"to": [3.70711, 2, 22.6066],
			"rotation": {"angle": 22.5, "axis": "y", "origin": [6.20711, 1.5, 25.1066]},
			"faces": {
				"north": {"uv": [0.016, 0.016, 0.984, 0.984], "texture": "#0"},
				"east": {"uv": [0, 0, 0, 0], "texture": "#0"},
				"south": {"uv": [0, 0, 0, 0], "texture": "#0"},
				"west": {"uv": [0.016, 0.016, 0.984, 0.984], "texture": "#0"},
				"up": {"uv": [0.984, 0.984, 0.016, 0.016], "texture": "#0"},
				"down": {"uv": [0.984, 0.016, 0.016, 0.984], "rotation": 270, "texture": "#0"}
			}
		},
		{
			"from": [8.70711, 1, 21.6066],
			"to": [9.70711, 2, 22.6066],
			"rotation": {"angle": 22.5, "axis": "y", "origin": [6.20711, 1.5, 25.1066]},
			"faces": {
				"north": {"uv": [0.016, 0.016, 1.984, 0.984], "texture": "#0"},
				"east": {"uv": [0.016, 0.016, 0.984, 0.984], "texture": "#0"},
				"south": {"uv": [0, 0, 0, 0], "texture": "#0"},
				"west": {"uv": [0, 0, 0, 0], "texture": "#0"},
				"up": {"uv": [0, 0, 0, 0], "texture": "#0"},
				"down": {"uv": [0.984, 0.016, 0.016, 0.984], "rotation": 270, "texture": "#0"}
			}
		},
		{
			"from": [8.70711, 1, 27.6066],
			"to": [9.70711, 2, 28.6066],
			"rotation": {"angle": 22.5, "axis": "y", "origin": [6.20711, 1.5, 25.1066]},
			"faces": {
				"north": {"uv": [0, 0, 0, 0], "texture": "#0"},
				"east": {"uv": [0.016, 0.016, 0.984, 0.984], "texture": "#0"},
				"south": {"uv": [0.016, 0.016, 1.984, 0.984], "texture": "#0"},
				"west": {"uv": [0, 0, 0, 0], "texture": "#0"},
				"up": {"uv": [0.984, 0.984, 0.016, 0.016], "texture": "#0"},
				"down": {"uv": [0.984, 0.016, 0.016, 0.984], "rotation": 270, "texture": "#0"}
			}
		},
		{
			"from": [2.70711, 1, 27.6066],
			"to": [3.70711, 2, 28.6066],
			"rotation": {"angle": 22.5, "axis": "y", "origin": [6.20711, 1.5, 25.1066]},
			"faces": {
				"north": {"uv": [0, 0, 0, 0], "texture": "#0"},
				"east": {"uv": [0, 0, 0, 0], "texture": "#0"},
				"south": {"uv": [0.016, 0.016, 0.984, 0.984], "texture": "#0"},
				"west": {"uv": [0.016, 0.016, 0.984, 0.984], "texture": "#0"},
				"up": {"uv": [0, 0, 0, 0], "texture": "#0"},
				"down": {"uv": [0.984, 0.016, 0.016, 0.984], "rotation": 270, "texture": "#0"}
			}
		},
		{
			"from": [1.70711, 1, 22.6066],
			"to": [3.70711, 2, 27.6066],
			"rotation": {"angle": 22.5, "axis": "y", "origin": [6.20711, 1.5, 25.1066]},
			"faces": {
				"north": {"uv": [0.016, 0.016, 0.984, 0.984], "texture": "#0"},
				"east": {"uv": [0.016, 0.016, 1.984, 0.984], "texture": "#0"},
				"south": {"uv": [0.016, 0.016, 0.984, 0.984], "texture": "#0"},
				"west": {"uv": [0.016, 0.016, 1.984, 0.984], "texture": "#0"},
				"up": {"uv": [3.984, 1.984, 0.016, 0.016], "rotation": 90, "texture": "#0"},
				"down": {"uv": [0.016, 1.984, 3.984, 0.016], "rotation": 90, "texture": "#0"}
			}
		},
		{
			"from": [8.70711, 1, 22.6066],
			"to": [10.70711, 2, 27.6066],
			"rotation": {"angle": 22.5, "axis": "y", "origin": [6.20711, 1.5, 25.1066]},
			"faces": {
				"north": {"uv": [0.016, 0.016, 0.984, 0.984], "texture": "#0"},
				"east": {"uv": [0.016, 0.016, 1.984, 0.984], "texture": "#0"},
				"south": {"uv": [0.016, 0.016, 0.984, 0.984], "texture": "#0"},
				"west": {"uv": [0.016, 0.016, 1.984, 0.984], "texture": "#0"},
				"up": {"uv": [3.984, 1.984, 0.016, 0.016], "rotation": 270, "texture": "#0"},
				"down": {"uv": [0.016, 1.984, 3.984, 0.016], "rotation": 270, "texture": "#0"}
			}
		},
		{
			"from": [3.70711, 7, 20.6066],
			"to": [8.70711, 8, 22.6066],
			"rotation": {"angle": 22.5, "axis": "y", "origin": [6.20711, 1.5, 25.1066]},
			"faces": {
				"north": {"uv": [0.016, 0.016, 1.984, 0.984], "texture": "#0"},
				"east": {"uv": [0.016, 0.016, 0.984, 0.984], "texture": "#0"},
				"south": {"uv": [0.016, 0.016, 1.984, 0.984], "texture": "#0"},
				"west": {"uv": [0.016, 0.016, 0.984, 0.984], "texture": "#0"},
				"up": {"uv": [2.984, 1.984, 0.016, 0.016], "rotation": 180, "texture": "#0"},
				"down": {"uv": [0.016, 1.984, 3.984, 0.016], "texture": "#0"}
			}
		},
		{
			"from": [3.70711, 7, 27.6066],
			"to": [8.70711, 8, 29.6066],
			"rotation": {"angle": 22.5, "axis": "y", "origin": [6.20711, 1.5, 25.1066]},
			"faces": {
				"north": {"uv": [0.016, 0.016, 1.984, 0.984], "texture": "#0"},
				"east": {"uv": [0.016, 0.016, 0.984, 0.984], "texture": "#0"},
				"south": {"uv": [0.016, 0.016, 1.984, 0.984], "texture": "#0"},
				"west": {"uv": [0.016, 0.016, 0.984, 0.984], "texture": "#0"},
				"up": {"uv": [2.984, 1.984, 0.016, 0.016], "texture": "#0"},
				"down": {"uv": [0.016, 1.984, 3.984, 0.016], "rotation": 180, "texture": "#0"}
			}
		},
		{
			"from": [2.70711, 7, 21.6066],
			"to": [3.70711, 8, 22.6066],
			"rotation": {"angle": 22.5, "axis": "y", "origin": [6.20711, 1.5, 25.1066]},
			"faces": {
				"north": {"uv": [0.016, 0.016, 0.984, 0.984], "texture": "#0"},
				"east": {"uv": [0, 0, 0, 0], "texture": "#0"},
				"south": {"uv": [0, 0, 0, 0], "texture": "#0"},
				"west": {"uv": [0.016, 0.016, 0.984, 0.984], "texture": "#0"},
				"up": {"uv": [0.984, 0.984, 0.016, 0.016], "texture": "#0"},
				"down": {"uv": [0.984, 0.016, 0.016, 0.984], "rotation": 270, "texture": "#0"}
			}
		},
		{
			"from": [8.70711, 7, 21.6066],
			"to": [9.70711, 8, 22.6066],
			"rotation": {"angle": 22.5, "axis": "y", "origin": [6.20711, 1.5, 25.1066]},
			"faces": {
				"north": {"uv": [0.016, 0.016, 1.984, 0.984], "texture": "#0"},
				"east": {"uv": [0.016, 0.016, 0.984, 0.984], "texture": "#0"},
				"south": {"uv": [0, 0, 0, 0], "texture": "#0"},
				"west": {"uv": [0, 0, 0, 0], "texture": "#0"},
				"up": {"uv": [0.984, 0.984, 0.016, 0.016], "texture": "#0"},
				"down": {"uv": [0, 0, 0, 0], "texture": "#0"}
			}
		},
		{
			"from": [8.70711, 7, 27.6066],
			"to": [9.70711, 8, 28.6066],
			"rotation": {"angle": 22.5, "axis": "y", "origin": [6.20711, 1.5, 25.1066]},
			"faces": {
				"north": {"uv": [0, 0, 0, 0], "texture": "#0"},
				"east": {"uv": [0.016, 0.016, 0.984, 0.984], "texture": "#0"},
				"south": {"uv": [0.016, 0.016, 1.984, 0.984], "texture": "#0"},
				"west": {"uv": [0, 0, 0, 0], "texture": "#0"},
				"up": {"uv": [0.984, 0.984, 0.016, 0.016], "texture": "#0"},
				"down": {"uv": [0.984, 0.016, 0.016, 0.984], "rotation": 270, "texture": "#0"}
			}
		},
		{
			"from": [2.70711, 7, 27.6066],
			"to": [3.70711, 8, 28.6066],
			"rotation": {"angle": 22.5, "axis": "y", "origin": [6.20711, 1.5, 25.1066]},
			"faces": {
				"north": {"uv": [0, 0, 0, 0], "texture": "#0"},
				"east": {"uv": [0, 0, 0, 0], "texture": "#0"},
				"south": {"uv": [0.016, 0.016, 0.984, 0.984], "texture": "#0"},
				"west": {"uv": [0.016, 0.016, 0.984, 0.984], "texture": "#0"},
				"up": {"uv": [0.984, 0.984, 0.016, 0.016], "texture": "#0"},
				"down": {"uv": [0, 0, 0, 0], "texture": "#0"}
			}
		},
		{
			"from": [1.70711, 7, 22.6066],
			"to": [3.70711, 8, 27.6066],
			"rotation": {"angle": 22.5, "axis": "y", "origin": [6.20711, 1.5, 25.1066]},
			"faces": {
				"north": {"uv": [0.016, 0.016, 0.984, 0.984], "texture": "#0"},
				"east": {"uv": [0.016, 0.016, 1.984, 0.984], "texture": "#0"},
				"south": {"uv": [0.016, 0.016, 0.984, 0.984], "texture": "#0"},
				"west": {"uv": [0.016, 0.016, 1.984, 0.984], "texture": "#0"},
				"up": {"uv": [3.984, 1.984, 0.016, 0.016], "rotation": 90, "texture": "#0"},
				"down": {"uv": [0.016, 1.984, 3.984, 0.016], "rotation": 90, "texture": "#0"}
			}
		},
		{
			"from": [8.70711, 7, 22.6066],
			"to": [10.70711, 8, 27.6066],
			"rotation": {"angle": 22.5, "axis": "y", "origin": [6.20711, 1.5, 25.1066]},
			"faces": {
				"north": {"uv": [0.016, 0.016, 0.984, 0.984], "texture": "#0"},
				"east": {"uv": [0.016, 0.016, 1.984, 0.984], "texture": "#0"},
				"south": {"uv": [0.016, 0.016, 0.984, 0.984], "texture": "#0"},
				"west": {"uv": [0.016, 0.016, 1.984, 0.984], "texture": "#0"},
				"up": {"uv": [3.984, 1.984, 0.016, 0.016], "rotation": 270, "texture": "#0"},
				"down": {"uv": [0.016, 1.984, 3.984, 0.016], "rotation": 270, "texture": "#0"}
			}
		},
		{
			"from": [3.70711, 8, 20.6066],
			"to": [8.70711, 9, 22.6066],
			"rotation": {"angle": 0, "axis": "y", "origin": [6.20711, 8.5, 25.1066]},
			"faces": {
				"north": {"uv": [0.016, 0.016, 1.984, 0.984], "texture": "#0"},
				"east": {"uv": [0.016, 0.016, 0.984, 0.984], "texture": "#0"},
				"south": {"uv": [0.016, 0.016, 1.984, 0.984], "texture": "#0"},
				"west": {"uv": [0.016, 0.016, 0.984, 0.984], "texture": "#0"},
				"up": {"uv": [2.984, 1.984, 0.016, 0.016], "rotation": 180, "texture": "#0"},
				"down": {"uv": [0.016, 1.984, 3.984, 0.016], "texture": "#0"}
			}
		},
		{
			"from": [3.70711, 8, 27.6066],
			"to": [8.70711, 9, 29.6066],
			"rotation": {"angle": 0, "axis": "y", "origin": [6.20711, 8.5, 25.1066]},
			"faces": {
				"north": {"uv": [0.016, 0.016, 1.984, 0.984], "texture": "#0"},
				"east": {"uv": [0.016, 0.016, 0.984, 0.984], "texture": "#0"},
				"south": {"uv": [0.016, 0.016, 1.984, 0.984], "texture": "#0"},
				"west": {"uv": [0.016, 0.016, 0.984, 0.984], "texture": "#0"},
				"up": {"uv": [2.984, 1.984, 0.016, 0.016], "texture": "#0"},
				"down": {"uv": [0.016, 1.984, 3.984, 0.016], "rotation": 180, "texture": "#0"}
			}
		},
		{
			"from": [2.70711, 8, 21.6066],
			"to": [3.70711, 9, 22.6066],
			"rotation": {"angle": 0, "axis": "y", "origin": [6.20711, 8.5, 25.1066]},
			"faces": {
				"north": {"uv": [0.016, 0.016, 0.984, 0.984], "texture": "#0"},
				"east": {"uv": [0, 0, 0, 0], "texture": "#0"},
				"south": {"uv": [0, 0, 0, 0], "texture": "#0"},
				"west": {"uv": [0.016, 0.016, 0.984, 0.984], "texture": "#0"},
				"up": {"uv": [0.984, 0.984, 0.016, 0.016], "texture": "#0"},
				"down": {"uv": [0.984, 0.016, 0.016, 0.984], "rotation": 270, "texture": "#0"}
			}
		},
		{
			"from": [8.70711, 8, 21.6066],
			"to": [9.70711, 9, 22.6066],
			"rotation": {"angle": 0, "axis": "y", "origin": [6.20711, 8.5, 25.1066]},
			"faces": {
				"north": {"uv": [0.016, 0.016, 1.984, 0.984], "texture": "#0"},
				"east": {"uv": [0.016, 0.016, 0.984, 0.984], "texture": "#0"},
				"south": {"uv": [0, 0, 0, 0], "texture": "#0"},
				"west": {"uv": [0, 0, 0, 0], "texture": "#0"},
				"up": {"uv": [0.984, 0.984, 0.016, 0.016], "texture": "#0"},
				"down": {"uv": [0.984, 0.016, 0.016, 0.984], "rotation": 270, "texture": "#0"}
			}
		},
		{
			"from": [8.70711, 8, 27.6066],
			"to": [9.70711, 9, 28.6066],
			"rotation": {"angle": 0, "axis": "y", "origin": [6.20711, 8.5, 25.1066]},
			"faces": {
				"north": {"uv": [0, 0, 0, 0], "texture": "#0"},
				"east": {"uv": [0.016, 0.016, 0.984, 0.984], "texture": "#0"},
				"south": {"uv": [0.016, 0.016, 1.984, 0.984], "texture": "#0"},
				"west": {"uv": [0, 0, 0, 0], "texture": "#0"},
				"up": {"uv": [0.984, 0.984, 0.016, 0.016], "texture": "#0"},
				"down": {"uv": [0.984, 0.016, 0.016, 0.984], "rotation": 270, "texture": "#0"}
			}
		},
		{
			"from": [2.70711, 8, 27.6066],
			"to": [3.70711, 9, 28.6066],
			"rotation": {"angle": 0, "axis": "y", "origin": [6.20711, 8.5, 25.1066]},
			"faces": {
				"north": {"uv": [0, 0, 0, 0], "texture": "#0"},
				"east": {"uv": [0, 0, 0, 0], "texture": "#0"},
				"south": {"uv": [0.016, 0.016, 0.984, 0.984], "texture": "#0"},
				"west": {"uv": [0.016, 0.016, 0.984, 0.984], "texture": "#0"},
				"up": {"uv": [0.984, 0.984, 0.016, 0.016], "texture": "#0"},
				"down": {"uv": [0.984, 0.016, 0.016, 0.984], "rotation": 270, "texture": "#0"}
			}
		},
		{
			"from": [1.70711, 8, 22.6066],
			"to": [3.70711, 9, 27.6066],
			"rotation": {"angle": 0, "axis": "y", "origin": [6.20711, 8.5, 25.1066]},
			"faces": {
				"north": {"uv": [0.016, 0.016, 0.984, 0.984], "texture": "#0"},
				"east": {"uv": [0.016, 0.016, 1.984, 0.984], "texture": "#0"},
				"south": {"uv": [0.016, 0.016, 0.984, 0.984], "texture": "#0"},
				"west": {"uv": [0.016, 0.016, 1.984, 0.984], "texture": "#0"},
				"up": {"uv": [3.984, 1.984, 0.016, 0.016], "rotation": 90, "texture": "#0"},
				"down": {"uv": [0.016, 1.984, 3.984, 0.016], "rotation": 90, "texture": "#0"}
			}
		},
		{
			"from": [8.70711, 8, 22.6066],
			"to": [10.70711, 9, 27.6066],
			"rotation": {"angle": 0, "axis": "y", "origin": [6.20711, 8.5, 25.1066]},
			"faces": {
				"north": {"uv": [0.016, 0.016, 0.984, 0.984], "texture": "#0"},
				"east": {"uv": [0.016, 0.016, 1.984, 0.984], "texture": "#0"},
				"south": {"uv": [0.016, 0.016, 0.984, 0.984], "texture": "#0"},
				"west": {"uv": [0.016, 0.016, 1.984, 0.984], "texture": "#0"},
				"up": {"uv": [3.984, 1.984, 0.016, 0.016], "rotation": 270, "texture": "#0"},
				"down": {"uv": [0.016, 1.984, 3.984, 0.016], "rotation": 270, "texture": "#0"}
			}
		},
		{
			"from": [3.70711, 9, 20.6066],
			"to": [8.70711, 19, 22.6066],
			"rotation": {"angle": 22.5, "axis": "y", "origin": [6.20711, 8.5, 25.1066]},
			"faces": {
				"north": {"uv": [0.016, 0.016, 1.984, 0.984], "texture": "#0"},
				"east": {"uv": [0.016, 0.016, 0.984, 0.984], "texture": "#0"},
				"south": {"uv": [0.016, 0.016, 1.984, 0.984], "texture": "#0"},
				"west": {"uv": [0.016, 0.016, 0.984, 0.984], "texture": "#0"},
				"up": {"uv": [2.984, 1.984, 0.016, 0.016], "rotation": 180, "texture": "#0"},
				"down": {"uv": [0.016, 1.984, 3.984, 0.016], "texture": "#0"}
			}
		},
		{
			"from": [3.70711, 9, 27.6066],
			"to": [8.70711, 19, 29.6066],
			"rotation": {"angle": 22.5, "axis": "y", "origin": [6.20711, 8.5, 25.1066]},
			"faces": {
				"north": {"uv": [0.016, 0.016, 1.984, 0.984], "texture": "#0"},
				"east": {"uv": [0.016, 0.016, 0.984, 0.984], "texture": "#0"},
				"south": {"uv": [0.016, 0.016, 1.984, 0.984], "texture": "#0"},
				"west": {"uv": [0.016, 0.016, 0.984, 0.984], "texture": "#0"},
				"up": {"uv": [2.984, 1.984, 0.016, 0.016], "texture": "#0"},
				"down": {"uv": [0.016, 1.984, 3.984, 0.016], "rotation": 180, "texture": "#0"}
			}
		},
		{
			"from": [2.70711, 9, 21.6066],
			"to": [3.70711, 19, 22.6066],
			"rotation": {"angle": 22.5, "axis": "y", "origin": [6.20711, 8.5, 25.1066]},
			"faces": {
				"north": {"uv": [0.016, 0.016, 0.984, 0.984], "texture": "#0"},
				"east": {"uv": [0, 0, 0, 0], "texture": "#0"},
				"south": {"uv": [0, 0, 0, 0], "texture": "#0"},
				"west": {"uv": [0.016, 0.016, 0.984, 0.984], "texture": "#0"},
				"up": {"uv": [0.984, 0.984, 0.016, 0.016], "texture": "#0"},
				"down": {"uv": [0.984, 0.016, 0.016, 0.984], "rotation": 270, "texture": "#0"}
			}
		},
		{
			"from": [8.70711, 9, 21.6066],
			"to": [9.70711, 19, 22.6066],
			"rotation": {"angle": 22.5, "axis": "y", "origin": [6.20711, 8.5, 25.1066]},
			"faces": {
				"north": {"uv": [0.016, 0.016, 1.984, 0.984], "texture": "#0"},
				"east": {"uv": [0.016, 0.016, 0.984, 0.984], "texture": "#0"},
				"south": {"uv": [0, 0, 0, 0], "texture": "#0"},
				"west": {"uv": [0, 0, 0, 0], "texture": "#0"},
				"up": {"uv": [0.984, 0.984, 0.016, 0.016], "texture": "#0"},
				"down": {"uv": [0.984, 0.016, 0.016, 0.984], "rotation": 270, "texture": "#0"}
			}
		},
		{
			"from": [8.70711, 9, 27.6066],
			"to": [9.70711, 19, 28.6066],
			"rotation": {"angle": 22.5, "axis": "y", "origin": [6.20711, 8.5, 25.1066]},
			"faces": {
				"north": {"uv": [0, 0, 0, 0], "texture": "#0"},
				"east": {"uv": [0.016, 0.016, 0.984, 0.984], "texture": "#0"},
				"south": {"uv": [0.016, 0.016, 1.984, 0.984], "texture": "#0"},
				"west": {"uv": [0, 0, 0, 0], "texture": "#0"},
				"up": {"uv": [0.984, 0.984, 0.016, 0.016], "texture": "#0"},
				"down": {"uv": [0.984, 0.016, 0.016, 0.984], "rotation": 270, "texture": "#0"}
			}
		},
		{
			"from": [2.70711, 9, 27.6066],
			"to": [3.70711, 19, 28.6066],
			"rotation": {"angle": 22.5, "axis": "y", "origin": [6.20711, 8.5, 25.1066]},
			"faces": {
				"north": {"uv": [0, 0, 0, 0], "texture": "#0"},
				"east": {"uv": [0, 0, 0, 0], "texture": "#0"},
				"south": {"uv": [0.016, 0.016, 0.984, 0.984], "texture": "#0"},
				"west": {"uv": [0.016, 0.016, 0.984, 0.984], "texture": "#0"},
				"up": {"uv": [0.984, 0.984, 0.016, 0.016], "texture": "#0"},
				"down": {"uv": [0.984, 0.016, 0.016, 0.984], "rotation": 270, "texture": "#0"}
			}
		},
		{
			"from": [1.70711, 9, 22.6066],
			"to": [3.70711, 19, 27.6066],
			"rotation": {"angle": 22.5, "axis": "y", "origin": [6.20711, 8.5, 25.1066]},
			"faces": {
				"north": {"uv": [0.016, 0.016, 0.984, 0.984], "texture": "#0"},
				"east": {"uv": [0.016, 0.016, 1.984, 0.984], "texture": "#0"},
				"south": {"uv": [0.016, 0.016, 0.984, 0.984], "texture": "#0"},
				"west": {"uv": [0.016, 0.016, 1.984, 0.984], "texture": "#0"},
				"up": {"uv": [3.984, 1.984, 0.016, 0.016], "rotation": 90, "texture": "#0"},
				"down": {"uv": [0.016, 1.984, 3.984, 0.016], "rotation": 90, "texture": "#0"}
			}
		},
		{
			"from": [8.70711, 9, 22.6066],
			"to": [10.70711, 19, 27.6066],
			"rotation": {"angle": 22.5, "axis": "y", "origin": [6.20711, 8.5, 25.1066]},
			"faces": {
				"north": {"uv": [0.016, 0.016, 0.984, 0.984], "texture": "#0"},
				"east": {"uv": [0.016, 0.016, 1.984, 0.984], "texture": "#0"},
				"south": {"uv": [0.016, 0.016, 0.984, 0.984], "texture": "#0"},
				"west": {"uv": [0.016, 0.016, 1.984, 0.984], "texture": "#0"},
				"up": {"uv": [3.984, 1.984, 0.016, 0.016], "rotation": 270, "texture": "#0"},
				"down": {"uv": [0.016, 1.984, 3.984, 0.016], "rotation": 270, "texture": "#0"}
			}
		},
		{
			"from": [4.70711, 2, 21.6066],
			"to": [9.70711, 7, 23.6066],
			"rotation": {"angle": 22.5, "axis": "y", "origin": [6.20711, 1.5, 25.1066]},
			"faces": {
				"north": {"uv": [0.016, 0.016, 1.984, 0.984], "texture": "#0"},
				"east": {"uv": [0.016, 0.016, 0.984, 0.984], "texture": "#0"},
				"south": {"uv": [0.016, 0.016, 1.984, 0.984], "texture": "#0"},
				"west": {"uv": [0.016, 0.016, 0.984, 0.984], "texture": "#0"},
				"up": {"uv": [2.984, 1.984, 0.016, 0.016], "rotation": 180, "texture": "#0"},
				"down": {"uv": [0.016, 1.984, 3.984, 0.016], "texture": "#0"}
			}
		},
		{
			"from": [4.70711, 2, 28.6066],
			"to": [9.70711, 7, 30.6066],
			"rotation": {"angle": 22.5, "axis": "y", "origin": [6.20711, 1.5, 25.1066]},
			"faces": {
				"north": {"uv": [0.016, 0.016, 1.984, 0.984], "texture": "#0"},
				"east": {"uv": [0.016, 0.016, 0.984, 0.984], "texture": "#0"},
				"south": {"uv": [0.016, 0.016, 1.984, 0.984], "texture": "#0"},
				"west": {"uv": [0.016, 0.016, 0.984, 0.984], "texture": "#0"},
				"up": {"uv": [2.984, 1.984, 0.016, 0.016], "texture": "#0"},
				"down": {"uv": [0.016, 1.984, 3.984, 0.016], "rotation": 180, "texture": "#0"}
			}
		},
		{
			"from": [3.70711, 2, 22.6066],
			"to": [4.70711, 7, 23.6066],
			"rotation": {"angle": 22.5, "axis": "y", "origin": [6.20711, 1.5, 25.1066]},
			"faces": {
				"north": {"uv": [0.016, 0.016, 0.984, 0.984], "texture": "#0"},
				"east": {"uv": [0, 0, 0, 0], "texture": "#0"},
				"south": {"uv": [0, 0, 0, 0], "texture": "#0"},
				"west": {"uv": [0.016, 0.016, 0.984, 0.984], "texture": "#0"},
				"up": {"uv": [0.984, 0.984, 0.016, 0.016], "texture": "#0"},
				"down": {"uv": [0.984, 0.016, 0.016, 0.984], "rotation": 270, "texture": "#0"}
			}
		},
		{
			"from": [9.70711, 2, 22.6066],
			"to": [10.70711, 7, 23.6066],
			"rotation": {"angle": 22.5, "axis": "y", "origin": [6.20711, 1.5, 25.1066]},
			"faces": {
				"north": {"uv": [0.016, 0.016, 1.984, 0.984], "texture": "#0"},
				"east": {"uv": [0.016, 0.016, 0.984, 0.984], "texture": "#0"},
				"south": {"uv": [0, 0, 0, 0], "texture": "#0"},
				"west": {"uv": [0, 0, 0, 0], "texture": "#0"},
				"up": {"uv": [0, 0, 0, 0], "texture": "#0"},
				"down": {"uv": [0, 0, 0, 0], "texture": "#0"}
			}
		},
		{
			"from": [9.70711, 2, 28.6066],
			"to": [10.70711, 7, 29.6066],
			"rotation": {"angle": 22.5, "axis": "y", "origin": [6.20711, 1.5, 25.1066]},
			"faces": {
				"north": {"uv": [0, 0, 0, 0], "texture": "#0"},
				"east": {"uv": [0.016, 0.016, 0.984, 0.984], "texture": "#0"},
				"south": {"uv": [0.016, 0.016, 1.984, 0.984], "texture": "#0"},
				"west": {"uv": [0, 0, 0, 0], "texture": "#0"},
				"up": {"uv": [0.984, 0.984, 0.016, 0.016], "texture": "#0"},
				"down": {"uv": [0.984, 0.016, 0.016, 0.984], "rotation": 270, "texture": "#0"}
			}
		},
		{
			"from": [3.70711, 2, 28.6066],
			"to": [4.70711, 7, 29.6066],
			"rotation": {"angle": 22.5, "axis": "y", "origin": [6.20711, 1.5, 25.1066]},
			"faces": {
				"north": {"uv": [0, 0, 0, 0], "texture": "#0"},
				"east": {"uv": [0, 0, 0, 0], "texture": "#0"},
				"south": {"uv": [0.016, 0.016, 0.984, 0.984], "texture": "#0"},
				"west": {"uv": [0.016, 0.016, 0.984, 0.984], "texture": "#0"},
				"up": {"uv": [0, 0, 0, 0], "texture": "#0"},
				"down": {"uv": [0, 0, 0, 0], "texture": "#0"}
			}
		},
		{
			"from": [2.70711, 2, 23.6066],
			"to": [4.70711, 7, 28.6066],
			"rotation": {"angle": 22.5, "axis": "y", "origin": [6.20711, 1.5, 25.1066]},
			"faces": {
				"north": {"uv": [0.016, 0.016, 0.984, 0.984], "texture": "#0"},
				"east": {"uv": [0.016, 0.016, 1.984, 0.984], "texture": "#0"},
				"south": {"uv": [0.016, 0.016, 0.984, 0.984], "texture": "#0"},
				"west": {"uv": [0.016, 0.016, 1.984, 0.984], "texture": "#0"},
				"up": {"uv": [3.984, 1.984, 0.016, 0.016], "rotation": 90, "texture": "#0"},
				"down": {"uv": [0.016, 1.984, 3.984, 0.016], "rotation": 90, "texture": "#0"}
			}
		},
		{
			"from": [9.70711, 2, 23.6066],
			"to": [11.70711, 7, 28.6066],
			"rotation": {"angle": 22.5, "axis": "y", "origin": [6.20711, 1.5, 25.1066]},
			"faces": {
				"north": {"uv": [0.016, 0.016, 0.984, 0.984], "texture": "#0"},
				"east": {"uv": [0.016, 0.016, 1.984, 0.984], "texture": "#0"},
				"south": {"uv": [0.016, 0.016, 0.984, 0.984], "texture": "#0"},
				"west": {"uv": [0.016, 0.016, 1.984, 0.984], "texture": "#0"},
				"up": {"uv": [3.984, 1.984, 0.016, 0.016], "rotation": 270, "texture": "#0"},
				"down": {"uv": [0.016, 1.984, 3.984, 0.016], "rotation": 270, "texture": "#0"}
			}
		},
		{
			"from": [5, 0, -9],
			"to": [7, 1, -4],
			"rotation": {"angle": 0, "axis": "y", "origin": [3, 0.5, 2]},
			"faces": {
				"north": {"uv": [0.016, 0.016, 0.984, 0.984], "texture": "#0"},
				"east": {"uv": [0.016, 0.016, 1.984, 0.984], "texture": "#0"},
				"south": {"uv": [0.016, 0.016, 0.984, 0.984], "texture": "#0"},
				"west": {"uv": [0.016, 0.016, 1.984, 0.984], "texture": "#0"},
				"up": {"uv": [2.984, 1.984, 0.016, 0.016], "rotation": 90, "texture": "#0"},
				"down": {"uv": [0.016, 1.984, 3.984, 0.016], "rotation": 90, "texture": "#0"}
			}
		},
		{
			"from": [12, 0, -9],
			"to": [14, 1, -4],
			"rotation": {"angle": 0, "axis": "y", "origin": [3, 0.5, 2]},
			"faces": {
				"north": {"uv": [0.016, 0.016, 0.984, 0.984], "texture": "#0"},
				"east": {"uv": [0.016, 0.016, 1.984, 0.984], "texture": "#0"},
				"south": {"uv": [0.016, 0.016, 0.984, 0.984], "texture": "#0"},
				"west": {"uv": [0.016, 0.016, 1.984, 0.984], "texture": "#0"},
				"up": {"uv": [2.984, 1.984, 0.016, 0.016], "rotation": 270, "texture": "#0"},
				"down": {"uv": [0.016, 1.984, 3.984, 0.016], "rotation": 270, "texture": "#0"}
			}
		},
		{
			"from": [6, 0, -4],
			"to": [7, 1, -3],
			"rotation": {"angle": 0, "axis": "y", "origin": [3, 0.5, 2]},
			"faces": {
				"north": {"uv": [0, 0, 0, 0], "texture": "#0"},
				"east": {"uv": [0, 0, 0, 0], "texture": "#0"},
				"south": {"uv": [0.016, 0.016, 0.984, 0.984], "texture": "#0"},
				"west": {"uv": [0.016, 0.016, 0.984, 0.984], "texture": "#0"},
				"up": {"uv": [0.984, 0.984, 0.016, 0.016], "rotation": 270, "texture": "#0"},
				"down": {"uv": [0.984, 0.016, 0.016, 0.984], "texture": "#0"}
			}
		},
		{
			"from": [6, 0, -10],
			"to": [7, 1, -9],
			"rotation": {"angle": 0, "axis": "y", "origin": [3, 0.5, 2]},
			"faces": {
				"north": {"uv": [0.016, 0.016, 0.984, 0.984], "texture": "#0"},
				"east": {"uv": [0, 0, 0, 0], "texture": "#0"},
				"south": {"uv": [0, 0, 0, 0], "texture": "#0"},
				"west": {"uv": [0.016, 0.016, 1.984, 0.984], "texture": "#0"},
				"up": {"uv": [0.984, 0.984, 0.016, 0.016], "rotation": 270, "texture": "#0"},
				"down": {"uv": [0.984, 0.016, 0.016, 0.984], "texture": "#0"}
			}
		},
		{
			"from": [12, 0, -10],
			"to": [13, 1, -9],
			"rotation": {"angle": 0, "axis": "y", "origin": [3, 0.5, 2]},
			"faces": {
				"north": {"uv": [0.016, 0.016, 0.984, 0.984], "texture": "#0"},
				"east": {"uv": [0.016, 0.016, 1.984, 0.984], "texture": "#0"},
				"south": {"uv": [0, 0, 0, 0], "texture": "#0"},
				"west": {"uv": [0, 0, 0, 0], "texture": "#0"},
				"up": {"uv": [0.984, 0.984, 0.016, 0.016], "rotation": 270, "texture": "#0"},
				"down": {"uv": [0.984, 0.016, 0.016, 0.984], "texture": "#0"}
			}
		},
		{
			"from": [12, 0, -4],
			"to": [13, 1, -3],
			"rotation": {"angle": 0, "axis": "y", "origin": [3, 0.5, 2]},
			"faces": {
				"north": {"uv": [0, 0, 0, 0], "texture": "#0"},
				"east": {"uv": [0.016, 0.016, 0.984, 0.984], "texture": "#0"},
				"south": {"uv": [0.016, 0.016, 0.984, 0.984], "texture": "#0"},
				"west": {"uv": [0, 0, 0, 0], "texture": "#0"},
				"up": {"uv": [0.984, 0.984, 0.016, 0.016], "rotation": 270, "texture": "#0"},
				"down": {"uv": [0.984, 0.016, 0.016, 0.984], "texture": "#0"}
			}
		},
		{
			"from": [7, 0, -4],
			"to": [12, 1, -2],
			"rotation": {"angle": 0, "axis": "y", "origin": [3, 0.5, 2]},
			"faces": {
				"north": {"uv": [0.016, 0.016, 1.984, 0.984], "texture": "#0"},
				"east": {"uv": [0.016, 0.016, 0.984, 0.984], "texture": "#0"},
				"south": {"uv": [0.016, 0.016, 1.984, 0.984], "texture": "#0"},
				"west": {"uv": [0.016, 0.016, 0.984, 0.984], "texture": "#0"},
				"up": {"uv": [3.984, 1.984, 0.016, 0.016], "texture": "#0"},
				"down": {"uv": [0.016, 1.984, 3.984, 0.016], "rotation": 180, "texture": "#0"}
			}
		},
		{
			"from": [7, 0.5, -9],
			"to": [12, 0.5, -4],
			"rotation": {"angle": 0, "axis": "y", "origin": [2, 0.5, 2]},
			"faces": {
				"north": {"uv": [0, 0, 0, 0], "texture": "#0"},
				"east": {"uv": [0, 0, 0, 0], "texture": "#0"},
				"south": {"uv": [0, 0, 0, 0], "texture": "#0"},
				"west": {"uv": [0, 0, 0, 0], "texture": "#0"},
				"up": {"uv": [15.984, 4.984, 11.016, 0.016], "texture": "#0"},
				"down": {"uv": [15.984, 0.016, 11.016, 4.984], "texture": "#0"}
			}
		},
		{
			"from": [7, 0, -11],
			"to": [12, 1, -9],
			"rotation": {"angle": 0, "axis": "y", "origin": [3, 0.5, 2]},
			"faces": {
				"north": {"uv": [0.016, 0.016, 1.984, 0.984], "texture": "#0"},
				"east": {"uv": [0.016, 0.016, 0.984, 0.984], "texture": "#0"},
				"south": {"uv": [0.016, 0.016, 1.984, 0.984], "texture": "#0"},
				"west": {"uv": [0.016, 0.016, 0.984, 0.984], "texture": "#0"},
				"up": {"uv": [3.984, 1.984, 0.016, 0.016], "rotation": 180, "texture": "#0"},
				"down": {"uv": [0.016, 1.984, 3.984, 0.016], "texture": "#0"}
			}
		},
		{
			"from": [-16, 0, -4],
			"to": [-14, 1, 1],
			"rotation": {"angle": -22.5, "axis": "y", "origin": [-11.5, 0.5, -1.5]},
			"faces": {
				"north": {"uv": [0.016, 0.016, 0.984, 0.984], "texture": "#0"},
				"east": {"uv": [0.016, 0.016, 1.984, 0.984], "texture": "#0"},
				"south": {"uv": [0.016, 0.016, 0.984, 0.984], "texture": "#0"},
				"west": {"uv": [0.016, 0.016, 1.984, 0.984], "texture": "#0"},
				"up": {"uv": [2.984, 1.984, 0.016, 0.016], "rotation": 90, "texture": "#0"},
				"down": {"uv": [0.016, 1.984, 3.984, 0.016], "rotation": 90, "texture": "#0"}
			}
		},
		{
			"from": [-9, 0, -4],
			"to": [-7, 1, 1],
			"rotation": {"angle": -22.5, "axis": "y", "origin": [-11.5, 0.5, -1.5]},
			"faces": {
				"north": {"uv": [0.016, 0.016, 0.984, 0.984], "texture": "#0"},
				"east": {"uv": [0.016, 0.016, 1.984, 0.984], "texture": "#0"},
				"south": {"uv": [0.016, 0.016, 0.984, 0.984], "texture": "#0"},
				"west": {"uv": [0.016, 0.016, 1.984, 0.984], "texture": "#0"},
				"up": {"uv": [2.984, 1.984, 0.016, 0.016], "rotation": 270, "texture": "#0"},
				"down": {"uv": [0.016, 1.984, 3.984, 0.016], "rotation": 270, "texture": "#0"}
			}
		},
		{
			"from": [-15, 0, 1],
			"to": [-14, 1, 2],
			"rotation": {"angle": -22.5, "axis": "y", "origin": [-11.5, 0.5, -1.5]},
			"faces": {
				"north": {"uv": [0, 0, 0, 0], "texture": "#0"},
				"east": {"uv": [0, 0, 0, 0], "texture": "#0"},
				"south": {"uv": [0.016, 0.016, 0.984, 0.984], "texture": "#0"},
				"west": {"uv": [0.016, 0.016, 0.984, 0.984], "texture": "#0"},
				"up": {"uv": [0.984, 0.984, 0.016, 0.016], "rotation": 270, "texture": "#0"},
				"down": {"uv": [0.984, 0.016, 0.016, 0.984], "texture": "#0"}
			}
		},
		{
			"from": [-15, 0, -5],
			"to": [-14, 1, -4],
			"rotation": {"angle": -22.5, "axis": "y", "origin": [-11.5, 0.5, -1.5]},
			"faces": {
				"north": {"uv": [0.016, 0.016, 0.984, 0.984], "texture": "#0"},
				"east": {"uv": [0, 0, 0, 0], "texture": "#0"},
				"south": {"uv": [0, 0, 0, 0], "texture": "#0"},
				"west": {"uv": [0.016, 0.016, 1.984, 0.984], "texture": "#0"},
				"up": {"uv": [0.984, 0.984, 0.016, 0.016], "rotation": 270, "texture": "#0"},
				"down": {"uv": [0.984, 0.016, 0.016, 0.984], "texture": "#0"}
			}
		},
		{
			"from": [-9, 0, -5],
			"to": [-8, 1, -4],
			"rotation": {"angle": -22.5, "axis": "y", "origin": [-11.5, 0.5, -1.5]},
			"faces": {
				"north": {"uv": [0.016, 0.016, 0.984, 0.984], "texture": "#0"},
				"east": {"uv": [0.016, 0.016, 1.984, 0.984], "texture": "#0"},
				"south": {"uv": [0, 0, 0, 0], "texture": "#0"},
				"west": {"uv": [0, 0, 0, 0], "texture": "#0"},
				"up": {"uv": [0.984, 0.984, 0.016, 0.016], "rotation": 270, "texture": "#0"},
				"down": {"uv": [0.984, 0.016, 0.016, 0.984], "texture": "#0"}
			}
		},
		{
			"from": [-9, 0, 1],
			"to": [-8, 1, 2],
			"rotation": {"angle": -22.5, "axis": "y", "origin": [-11.5, 0.5, -1.5]},
			"faces": {
				"north": {"uv": [0, 0, 0, 0], "texture": "#0"},
				"east": {"uv": [0.016, 0.016, 0.984, 0.984], "texture": "#0"},
				"south": {"uv": [0.016, 0.016, 0.984, 0.984], "texture": "#0"},
				"west": {"uv": [0, 0, 0, 0], "texture": "#0"},
				"up": {"uv": [0.984, 0.984, 0.016, 0.016], "rotation": 270, "texture": "#0"},
				"down": {"uv": [0.984, 0.016, 0.016, 0.984], "texture": "#0"}
			}
		},
		{
			"from": [-14, 0, 1],
			"to": [-9, 1, 3],
			"rotation": {"angle": -22.5, "axis": "y", "origin": [-11.5, 0.5, -1.5]},
			"faces": {
				"north": {"uv": [0.016, 0.016, 1.984, 0.984], "texture": "#0"},
				"east": {"uv": [0.016, 0.016, 0.984, 0.984], "texture": "#0"},
				"south": {"uv": [0.016, 0.016, 1.984, 0.984], "texture": "#0"},
				"west": {"uv": [0.016, 0.016, 0.984, 0.984], "texture": "#0"},
				"up": {"uv": [3.984, 1.984, 0.016, 0.016], "texture": "#0"},
				"down": {"uv": [0.016, 1.984, 3.984, 0.016], "rotation": 180, "texture": "#0"}
			}
		},
		{
			"from": [-14, 0.5, -4],
			"to": [-9, 0.5, 1],
			"rotation": {"angle": -22.5, "axis": "y", "origin": [-11.5, 0.5, -1.5]},
			"faces": {
				"north": {"uv": [0, 0, 0, 0], "texture": "#0"},
				"east": {"uv": [0, 0, 0, 0], "texture": "#0"},
				"south": {"uv": [0, 0, 0, 0], "texture": "#0"},
				"west": {"uv": [0, 0, 0, 0], "texture": "#0"},
				"up": {"uv": [15.984, 4.984, 11.016, 0.016], "texture": "#0"},
				"down": {"uv": [15.984, 0.016, 11.016, 4.984], "texture": "#0"}
			}
		},
		{
			"from": [-14, 0, -6],
			"to": [-9, 1, -4],
			"rotation": {"angle": -22.5, "axis": "y", "origin": [-11.5, 0.5, -1.5]},
			"faces": {
				"north": {"uv": [0.016, 0.016, 1.984, 0.984], "texture": "#0"},
				"east": {"uv": [0.016, 0.016, 0.984, 0.984], "texture": "#0"},
				"south": {"uv": [0.016, 0.016, 1.984, 0.984], "texture": "#0"},
				"west": {"uv": [0.016, 0.016, 0.984, 0.984], "texture": "#0"},
				"up": {"uv": [3.984, 1.984, 0.016, 0.016], "rotation": 180, "texture": "#0"},
				"down": {"uv": [0.016, 1.984, 3.984, 0.016], "texture": "#0"}
			}
		},
		{
			"from": [17, 0, -8],
			"to": [19, 1, -3],
			"rotation": {"angle": 22.5, "axis": "y", "origin": [21.5, 0.5, -5.5]},
			"faces": {
				"north": {"uv": [0.016, 0.016, 0.984, 0.984], "texture": "#0"},
				"east": {"uv": [0.016, 0.016, 1.984, 0.984], "texture": "#0"},
				"south": {"uv": [0.016, 0.016, 0.984, 0.984], "texture": "#0"},
				"west": {"uv": [0.016, 0.016, 1.984, 0.984], "texture": "#0"},
				"up": {"uv": [2.984, 1.984, 0.016, 0.016], "rotation": 90, "texture": "#0"},
				"down": {"uv": [0.016, 1.984, 3.984, 0.016], "rotation": 90, "texture": "#0"}
			}
		},
		{
			"from": [24, 0, -8],
			"to": [26, 1, -3],
			"rotation": {"angle": 22.5, "axis": "y", "origin": [21.5, 0.5, -5.5]},
			"faces": {
				"north": {"uv": [0.016, 0.016, 0.984, 0.984], "texture": "#0"},
				"east": {"uv": [0.016, 0.016, 1.984, 0.984], "texture": "#0"},
				"south": {"uv": [0.016, 0.016, 0.984, 0.984], "texture": "#0"},
				"west": {"uv": [0.016, 0.016, 1.984, 0.984], "texture": "#0"},
				"up": {"uv": [2.984, 1.984, 0.016, 0.016], "rotation": 270, "texture": "#0"},
				"down": {"uv": [0.016, 1.984, 3.984, 0.016], "rotation": 270, "texture": "#0"}
			}
		},
		{
			"from": [18, 0, -3],
			"to": [19, 1, -2],
			"rotation": {"angle": 22.5, "axis": "y", "origin": [21.5, 0.5, -5.5]},
			"faces": {
				"north": {"uv": [0, 0, 0, 0], "texture": "#0"},
				"east": {"uv": [0, 0, 0, 0], "texture": "#0"},
				"south": {"uv": [0.016, 0.016, 0.984, 0.984], "texture": "#0"},
				"west": {"uv": [0.016, 0.016, 0.984, 0.984], "texture": "#0"},
				"up": {"uv": [0.984, 0.984, 0.016, 0.016], "rotation": 270, "texture": "#0"},
				"down": {"uv": [0.984, 0.016, 0.016, 0.984], "texture": "#0"}
			}
		},
		{
			"from": [18, 0, -9],
			"to": [19, 1, -8],
			"rotation": {"angle": 22.5, "axis": "y", "origin": [21.5, 0.5, -5.5]},
			"faces": {
				"north": {"uv": [0.016, 0.016, 0.984, 0.984], "texture": "#0"},
				"east": {"uv": [0, 0, 0, 0], "texture": "#0"},
				"south": {"uv": [0, 0, 0, 0], "texture": "#0"},
				"west": {"uv": [0.016, 0.016, 1.984, 0.984], "texture": "#0"},
				"up": {"uv": [0.984, 0.984, 0.016, 0.016], "rotation": 270, "texture": "#0"},
				"down": {"uv": [0.984, 0.016, 0.016, 0.984], "texture": "#0"}
			}
		},
		{
			"from": [24, 0, -9],
			"to": [25, 1, -8],
			"rotation": {"angle": 22.5, "axis": "y", "origin": [21.5, 0.5, -5.5]},
			"faces": {
				"north": {"uv": [0.016, 0.016, 0.984, 0.984], "texture": "#0"},
				"east": {"uv": [0.016, 0.016, 1.984, 0.984], "texture": "#0"},
				"south": {"uv": [0, 0, 0, 0], "texture": "#0"},
				"west": {"uv": [0, 0, 0, 0], "texture": "#0"},
				"up": {"uv": [0.984, 0.984, 0.016, 0.016], "rotation": 270, "texture": "#0"},
				"down": {"uv": [0.984, 0.016, 0.016, 0.984], "texture": "#0"}
			}
		},
		{
			"from": [24, 0, -3],
			"to": [25, 1, -2],
			"rotation": {"angle": 22.5, "axis": "y", "origin": [21.5, 0.5, -5.5]},
			"faces": {
				"north": {"uv": [0, 0, 0, 0], "texture": "#0"},
				"east": {"uv": [0.016, 0.016, 0.984, 0.984], "texture": "#0"},
				"south": {"uv": [0.016, 0.016, 0.984, 0.984], "texture": "#0"},
				"west": {"uv": [0, 0, 0, 0], "texture": "#0"},
				"up": {"uv": [0.984, 0.984, 0.016, 0.016], "rotation": 270, "texture": "#0"},
				"down": {"uv": [0.984, 0.016, 0.016, 0.984], "texture": "#0"}
			}
		},
		{
			"from": [19, 0, -3],
			"to": [24, 1, -1],
			"rotation": {"angle": 22.5, "axis": "y", "origin": [21.5, 0.5, -5.5]},
			"faces": {
				"north": {"uv": [0.016, 0.016, 1.984, 0.984], "texture": "#0"},
				"east": {"uv": [0.016, 0.016, 0.984, 0.984], "texture": "#0"},
				"south": {"uv": [0.016, 0.016, 1.984, 0.984], "texture": "#0"},
				"west": {"uv": [0.016, 0.016, 0.984, 0.984], "texture": "#0"},
				"up": {"uv": [3.984, 1.984, 0.016, 0.016], "texture": "#0"},
				"down": {"uv": [0.016, 1.984, 3.984, 0.016], "rotation": 180, "texture": "#0"}
			}
		},
		{
			"from": [19, 0.5, -8],
			"to": [24, 0.5, -3],
			"rotation": {"angle": 22.5, "axis": "y", "origin": [21.5, 0.5, -5.5]},
			"faces": {
				"north": {"uv": [0, 0, 0, 0], "texture": "#0"},
				"east": {"uv": [0, 0, 0, 0], "texture": "#0"},
				"south": {"uv": [0, 0, 0, 0], "texture": "#0"},
				"west": {"uv": [0, 0, 0, 0], "texture": "#0"},
				"up": {"uv": [15.984, 4.984, 11.016, 0.016], "texture": "#0"},
				"down": {"uv": [15.984, 0.016, 11.016, 4.984], "texture": "#0"}
			}
		},
		{
			"from": [19, 0, -10],
			"to": [24, 1, -8],
			"rotation": {"angle": 22.5, "axis": "y", "origin": [21.5, 0.5, -5.5]},
			"faces": {
				"north": {"uv": [0.016, 0.016, 1.984, 0.984], "texture": "#0"},
				"east": {"uv": [0.016, 0.016, 0.984, 0.984], "texture": "#0"},
				"south": {"uv": [0.016, 0.016, 1.984, 0.984], "texture": "#0"},
				"west": {"uv": [0.016, 0.016, 0.984, 0.984], "texture": "#0"},
				"up": {"uv": [3.984, 1.984, 0.016, 0.016], "rotation": 180, "texture": "#0"},
				"down": {"uv": [0.016, 1.984, 3.984, 0.016], "texture": "#0"}
			}
		},
		{
			"from": [17, 0, 9],
			"to": [19, 1, 14],
			"rotation": {"angle": -22.5, "axis": "y", "origin": [21.5, 0.5, 11.5]},
			"faces": {
				"north": {"uv": [0.016, 0.016, 0.984, 0.984], "texture": "#0"},
				"east": {"uv": [0.016, 0.016, 1.984, 0.984], "texture": "#0"},
				"south": {"uv": [0.016, 0.016, 0.984, 0.984], "texture": "#0"},
				"west": {"uv": [0.016, 0.016, 1.984, 0.984], "texture": "#0"},
				"up": {"uv": [2.984, 1.984, 0.016, 0.016], "rotation": 90, "texture": "#0"},
				"down": {"uv": [0.016, 1.984, 3.984, 0.016], "rotation": 90, "texture": "#0"}
			}
		},
		{
			"from": [24, 0, 9],
			"to": [26, 1, 14],
			"rotation": {"angle": -22.5, "axis": "y", "origin": [21.5, 0.5, 11.5]},
			"faces": {
				"north": {"uv": [0.016, 0.016, 0.984, 0.984], "texture": "#0"},
				"east": {"uv": [0.016, 0.016, 1.984, 0.984], "texture": "#0"},
				"south": {"uv": [0.016, 0.016, 0.984, 0.984], "texture": "#0"},
				"west": {"uv": [0.016, 0.016, 1.984, 0.984], "texture": "#0"},
				"up": {"uv": [2.984, 1.984, 0.016, 0.016], "rotation": 270, "texture": "#0"},
				"down": {"uv": [0.016, 1.984, 3.984, 0.016], "rotation": 270, "texture": "#0"}
			}
		},
		{
			"from": [18, 0, 14],
			"to": [19, 1, 15],
			"rotation": {"angle": -22.5, "axis": "y", "origin": [21.5, 0.5, 11.5]},
			"faces": {
				"north": {"uv": [0, 0, 0, 0], "texture": "#0"},
				"east": {"uv": [0, 0, 0, 0], "texture": "#0"},
				"south": {"uv": [0.016, 0.016, 0.984, 0.984], "texture": "#0"},
				"west": {"uv": [0.016, 0.016, 0.984, 0.984], "texture": "#0"},
				"up": {"uv": [0.984, 0.984, 0.016, 0.016], "rotation": 270, "texture": "#0"},
				"down": {"uv": [0.984, 0.016, 0.016, 0.984], "texture": "#0"}
			}
		},
		{
			"from": [18, 0, 8],
			"to": [19, 1, 9],
			"rotation": {"angle": -22.5, "axis": "y", "origin": [21.5, 0.5, 11.5]},
			"faces": {
				"north": {"uv": [0.016, 0.016, 0.984, 0.984], "texture": "#0"},
				"east": {"uv": [0, 0, 0, 0], "texture": "#0"},
				"south": {"uv": [0, 0, 0, 0], "texture": "#0"},
				"west": {"uv": [0.016, 0.016, 1.984, 0.984], "texture": "#0"},
				"up": {"uv": [0.984, 0.984, 0.016, 0.016], "rotation": 270, "texture": "#0"},
				"down": {"uv": [0.984, 0.016, 0.016, 0.984], "texture": "#0"}
			}
		},
		{
			"from": [24, 0, 8],
			"to": [25, 1, 9],
			"rotation": {"angle": -22.5, "axis": "y", "origin": [21.5, 0.5, 11.5]},
			"faces": {
				"north": {"uv": [0.016, 0.016, 0.984, 0.984], "texture": "#0"},
				"east": {"uv": [0.016, 0.016, 1.984, 0.984], "texture": "#0"},
				"south": {"uv": [0, 0, 0, 0], "texture": "#0"},
				"west": {"uv": [0, 0, 0, 0], "texture": "#0"},
				"up": {"uv": [0.984, 0.984, 0.016, 0.016], "rotation": 270, "texture": "#0"},
				"down": {"uv": [0.984, 0.016, 0.016, 0.984], "texture": "#0"}
			}
		},
		{
			"from": [24, 0, 14],
			"to": [25, 1, 15],
			"rotation": {"angle": -22.5, "axis": "y", "origin": [21.5, 0.5, 11.5]},
			"faces": {
				"north": {"uv": [0, 0, 0, 0], "texture": "#0"},
				"east": {"uv": [0.016, 0.016, 0.984, 0.984], "texture": "#0"},
				"south": {"uv": [0.016, 0.016, 0.984, 0.984], "texture": "#0"},
				"west": {"uv": [0, 0, 0, 0], "texture": "#0"},
				"up": {"uv": [0.984, 0.984, 0.016, 0.016], "rotation": 270, "texture": "#0"},
				"down": {"uv": [0.984, 0.016, 0.016, 0.984], "texture": "#0"}
			}
		},
		{
			"from": [19, 0, 14],
			"to": [24, 1, 16],
			"rotation": {"angle": -22.5, "axis": "y", "origin": [21.5, 0.5, 11.5]},
			"faces": {
				"north": {"uv": [0.016, 0.016, 1.984, 0.984], "texture": "#0"},
				"east": {"uv": [0.016, 0.016, 0.984, 0.984], "texture": "#0"},
				"south": {"uv": [0.016, 0.016, 1.984, 0.984], "texture": "#0"},
				"west": {"uv": [0.016, 0.016, 0.984, 0.984], "texture": "#0"},
				"up": {"uv": [3.984, 1.984, 0.016, 0.016], "texture": "#0"},
				"down": {"uv": [0.016, 1.984, 3.984, 0.016], "rotation": 180, "texture": "#0"}
			}
		},
		{
			"from": [19, 0.5, 9],
			"to": [24, 0.5, 14],
			"rotation": {"angle": -22.5, "axis": "y", "origin": [21.5, 0.5, 11.5]},
			"faces": {
				"north": {"uv": [0, 0, 0, 0], "texture": "#0"},
				"east": {"uv": [0, 0, 0, 0], "texture": "#0"},
				"south": {"uv": [0, 0, 0, 0], "texture": "#0"},
				"west": {"uv": [0, 0, 0, 0], "texture": "#0"},
				"up": {"uv": [15.984, 4.984, 11.016, 0.016], "texture": "#0"},
				"down": {"uv": [15.984, 0.016, 11.016, 4.984], "texture": "#0"}
			}
		},
		{
			"from": [19, 0, 7],
			"to": [24, 1, 9],
			"rotation": {"angle": -22.5, "axis": "y", "origin": [21.5, 0.5, 11.5]},
			"faces": {
				"north": {"uv": [0.016, 0.016, 1.984, 0.984], "texture": "#0"},
				"east": {"uv": [0.016, 0.016, 0.984, 0.984], "texture": "#0"},
				"south": {"uv": [0.016, 0.016, 1.984, 0.984], "texture": "#0"},
				"west": {"uv": [0.016, 0.016, 0.984, 0.984], "texture": "#0"},
				"up": {"uv": [3.984, 1.984, 0.016, 0.016], "rotation": 180, "texture": "#0"},
				"down": {"uv": [0.016, 1.984, 3.984, 0.016], "texture": "#0"}
			}
		}
	],
	"display": {
		"thirdperson_righthand": {
			"translation": [0.5, 2, 2.75],
			"scale": [0.26, 0.26, 0.26]
		},
		"thirdperson_lefthand": {
			"translation": [0.5, 2, 2.75],
			"scale": [0.26, 0.26, 0.26]
		},
		"firstperson_righthand": {
			"translation": [0.75, 2.5, -3],
			"scale": [0.3, 0.3, 0.3]
		},
		"firstperson_lefthand": {
			"translation": [0.75, 2.5, -3],
			"scale": [0.3, 0.3, 0.3]
		},
		"ground": {
			"translation": [0.75, -1.5, -3],
			"scale": [0.3, 0.3, 0.3]
		},
		"gui": {
			"rotation": [31, 133, 0],
			"translation": [0.25, 0.25, 0],
			"scale": [0.4, 0.4, 0.4]
		},
		"head": {
			"translation": [0.75, -11, -3],
			"scale": [4, 4, 4]
		},
		"fixed": {
			"rotation": [-90, 0, 0],
			"translation": [1, -2, -5],
			"scale": [0.74, 0.74, 0.74]
		}
	},
	"groups": [
		{
			"name": "root",
			"origin": [8, 8, 8],
			"color": 0,
			"children": [
				{
					"name": "coin1",
					"origin": [8, 8, 8],
					"color": 0,
					"children": [0, 1, 2, 3, 4, 5, 6, 7, 8]
				},
				{
					"name": "coin1",
					"origin": [8, 8, 8],
					"color": 0,
					"children": [9, 10, 11, 12, 13, 14, 15, 16, 17]
				},
				{
					"name": "coin1",
					"origin": [8, 8, 8],
					"color": 0,
					"children": [18, 19, 20, 21, 22, 23, 24, 25, 26]
				},
				{
					"name": "coin1",
					"origin": [8, 8, 8],
					"color": 0,
					"children": [27, 28, 29, 30, 31, 32, 33, 34, 35]
				},
				{
					"name": "coin1",
					"origin": [8, 8, 8],
					"color": 0,
					"children": [36, 37, 38, 39, 40, 41, 42, 43, 44]
				},
				{
					"name": "coin1",
					"origin": [8, 8, 8],
					"color": 0,
					"children": [45, 46, 47, 48, 49, 50, 51, 52, 53]
				},
				{
					"name": "coin1",
					"origin": [8, 8, 8],
					"color": 0,
					"children": [54, 55, 56, 57, 58, 59, 60, 61, 62]
				},
				{
					"name": "coin1",
					"origin": [8, 8, 8],
					"color": 0,
					"children": [63, 64, 65, 66, 67, 68, 69, 70, 71]
				},
				{
					"name": "pile1",
					"origin": [8, 8, 8],
					"color": 0,
					"children": [
						{
							"name": "coin1",
							"origin": [8, 8, 8],
							"color": 0,
							"children": [72, 73, 74, 75, 76, 77, 78, 79, 80]
						},
						{
							"name": "coin1",
							"origin": [8, 8, 8],
							"color": 0,
							"children": [81, 82, 83, 84, 85, 86, 87, 88]
						},
						{
							"name": "coin1",
							"origin": [8, 8, 8],
							"color": 0,
							"children": [89, 90, 91, 92, 93, 94, 95, 96]
						},
						{
							"name": "coin1",
							"origin": [8, 8, 8],
							"color": 0,
							"children": [97, 98, 99, 100, 101, 102, 103, 104]
						},
						{
							"name": "coin1",
							"origin": [8, 8, 8],
							"color": 0,
							"children": [105, 106, 107, 108, 109, 110, 111, 112]
						},
						{
							"name": "coin1",
							"origin": [8, 8, 8],
							"color": 0,
							"children": [113, 114, 115, 116, 117, 118, 119, 120]
						},
						{
							"name": "coin1",
							"origin": [8, 8, 8],
							"color": 0,
							"children": [121, 122, 123, 124, 125, 126, 127, 128]
						}
					]
				},
				{
					"name": "coin1",
					"origin": [8, 8, 8],
					"color": 0,
					"children": [129, 130, 131, 132, 133, 134, 135, 136, 137]
				},
				{
					"name": "coin1",
					"origin": [8, 8, 8],
					"color": 0,
					"children": [138, 139, 140, 141, 142, 143, 144, 145, 146]
				},
				{
					"name": "coin1",
					"origin": [8, 8, 8],
					"color": 0,
					"children": [147, 148, 149, 150, 151, 152, 153, 154, 155]
				},
				{
					"name": "coin1",
					"origin": [8, 8, 8],
					"color": 0,
					"children": [156, 157, 158, 159, 160, 161, 162, 163, 164]
				}
			]
		}
	]
}