{
	"credit": "Made with Blockbench",
	"textures": {
		"0": "custom/icons/arrowleft",
		"particle": "custom/icons/arrowleft"
	},
	"elements": [
		{
			"from": [0, 0, 0],
			"to": [16, 0, 16],
			"faces": {
				"up": {"uv": [0, 0, 16, 16], "texture": "#0"},
				"down": {"uv": [0, 16, 16, 0], "texture": "#0"}
			}
		}
	],
	"gui_light": "front",
	"display": {
		"thirdperson_righthand": {
			"rotation": [90.5, 0, 0],
			"translation": [-1.5, 2.75, 4],
			"scale": [0.5, 0.5, 0.5]
		},
		"thirdperson_lefthand": {
			"rotation": [90.5, 0, 0],
			"translation": [1, 2, 4],
			"scale": [0.5, 0.5, 0.5]
		},
		"firstperson_righthand": {
			"rotation": [90.5, 0, 0],
			"translation": [0.5, 3.5, 4],
			"scale": [0.5, 0.5, 0.5]
		},
		"firstperson_lefthand": {
			"rotation": [90.5, 0, 0],
			"translation": [0.5, 3.5, 4],
			"scale": [0.5, 0.5, 0.5]
		},
		"ground": {
			"translation": [0, 24.25, 0],
			"scale": [4, 4, 4]
		},
		"gui": {
			"rotation": [90.5, 0, 0],
			"translation": [-0.5, -0.5, 4],
			"scale": [1, 0, 1]
		},
		"head": {
			"rotation": [90, 0, 180],
			"translation": [2.75, 29, -31.25],
			"scale": [4, 4, 4]
		},
		"fixed": {
			"rotation": [90, 0, 180],
			"translation": [3, 3.25, -33],
			"scale": [4, 4, 4]
		}
	}
}