{
	"credit": "Made with Blockbench",
	"textures": {
		"particle": "custom/npcmaker/npcmaker"
	},
	"elements": [
		{
			"from": [0, 0, 0],
			"to": [22, 0, 22],
			"faces": {
				"up": {"uv": [0.016, 0.016, 16.016, 16.016], "texture": "#particle"},
				"down": {"uv": [0, 16, 16, 0], "texture": "#particle", "cullface": "down"}
			}
		}
	],
	"gui_light": "front",
	"display": {
		"thirdperson_righthand": {
			"rotation": [90.5, 0, 0],
			"translation": [-4.5, 5.25, 4],
			"scale": [0.5, 0.5, 0.5]
		},
		"thirdperson_lefthand": {
			"rotation": [90.5, 0, 0],
			"translation": [2.5, 5.25, 4],
			"scale": [0.5, 0.5, 0.5]
		},
		"firstperson_righthand": {
			"rotation": [90.5, 0, 0],
			"translation": [-1.75, 6.25, 4.5],
			"scale": [0.5, 0.5, 0.5]
		},
		"firstperson_lefthand": {
			"rotation": [90.5, 0, 0],
			"translation": [2, 5.75, 4.5],
			"scale": [0.5, 0.5, 0.5]
		},
		"ground": {
			"translation": [0, 24.25, 0],
			"scale": [4, 4, 4]
		},
		"gui": {
			"rotation": [90.5, 0, 0],
			"translation": [-3.25, 3.5, 4],
			"scale": [1, 0, 1]
		},
		"head": {
			"rotation": [90, 0, 180],
			"translation": [9, 49.5, -31.25],
			"scale": [4, 4, 4]
		},
		"fixed": {
			"rotation": [90, 0, 180],
			"translation": [12.75, 11, -33],
			"scale": [4, 4, 4]
		}
	}
}